ORIGSYSREF,BBSTATUS,FTBIND,ORDERDATE,COUNTRYCODE,ORDERS,REVENUE_NET_USD_CONS_CURR,SALESCHANNEL,TP_DATE,TX_DEVICE,CHANNELS,SOURCE,MEDIUM,CAMPAIGN,COEFFICIENTS,TP_WEIGHT,WEIGHTED_COEFFICIENTS,Total_coeff,Normalized_coeff,Normalized_Revenue
ONAA9UG-83D22-6G7,INITIAL,0,09/04/25,DE,1,593.7246,WB,14/03/25,desktop,MO_Returning Sampled,mo_returning sampled,mo_returning sampled,mo_returning sampled,0.046067939,1,0.046067939,0.281529339,0.163634592,97.15388271
ONAA9UG-83D22-6G7,INITIAL,0,09/04/25,DE,1,593.7246,WB,02/04/25,desktop,Paid Search - Brand,bing,cpc,Brand-DE-DE-SEARCH-NP-Products-bing,0.117729176,1,0.117729176,0.281529339,0.418177291,248.2821447
ONAA9UG-83D22-6G7,INITIAL,0,09/04/25,DE,1,593.7246,WB,02/04/25,desktop,Direct,(direct),(none),(not set),0.304792927,1.00E-05,3.05E-06,0.281529339,1.08E-05,0.006427858
ONAA9UG-83D22-6G7,INITIAL,0,09/04/25,DE,1,593.7246,WB,09/04/25,desktop,Paid Search - Brand,bing,cpc,Brand-DE-DE-SEARCH-NP-bing,0.117729176,1,0.117729176,0.281529339,0.418177291,248.2821447
ONUL7BG-07Z06-7P0,INITIAL,0,30/01/26,US,1,822.31,WB,16/01/26,desktop,MO_Returning Sampled,mo_returning sampled,mo_returning sampled,mo_returning sampled,0.024520731,1.00E-10,2.45E-12,3.84E-06,6.38E-07,0.000524675
ONUL7BG-07Z06-7P0,INITIAL,0,30/01/26,US,1,822.31,WB,30/01/26,desktop,Direct,(direct),(none),(not set),0.337940259,1.00E-05,3.38E-06,3.84E-06,0.879349787,723.0981233
ONUL7BG-07Z06-7P0,INITIAL,0,30/01/26,US,1,822.31,WB,30/01/26,desktop,EMAIL_TX,email,art_review,logo_modified_us,0.046366473,1.00E-05,4.64E-07,3.84E-06,0.120649575,99.21135201
ONDL5WU-14S94-6F2,INITIAL,0,15/01/26,FR,1,1124.3387,TM,09/01/26,non-digital,MO_Returning Sampled,mo_returning sampled,mo_returning sampled,mo_returning sampled,0.089813801,1.00E-10,8.98E-12,0.143483023,6.26E-11,7.04E-08
ONDL5WU-14S94-6F2,INITIAL,0,15/01/26,FR,1,1124.3387,TM,15/01/26,non-digital,TM_CRM,tm_crm,tm_crm,tm_crm,0.143483023,1,0.143483023,0.143483023,1,1124.3387
ONKM4QW-11E99-2A9,INITIAL,0,04/06/25,FR,1,992.1287,TM,09/05/25,non-digital,MO_Returning Non-Sampled,mo_returning non-sampled,mo_returning non-sampled,mo_returning non-sampled,0.043263965,1,0.043263965,0.043263965,1,992.1286998
ONKM4QW-11E99-2A9,INITIAL,0,04/06/25,FR,1,992.1287,TM,30/05/25,non-digital,MO_Returning Sampled,mo_returning sampled,mo_returning sampled,mo_returning sampled,0.089813801,1.00E-10,8.98E-12,0.043263965,2.08E-10,2.06E-07
ONDB9YU-25K77-5L4,INITIAL,0,13/05/25,US,1,225.57,WB,12/05/25,desktop,Paid Search - Brand,bing,cpc,Brand-US-T1-Pure,0.067766384,1,0.067766384,0.067770227,0.999943293,225.5572085
ONDB9YU-25K77-5L4,INITIAL,0,13/05/25,US,1,225.57,WB,13/05/25,desktop,EMAIL_TX,email,transactional,Order_Personalization,0.046366473,1.00E-05,4.64E-07,0.067770227,6.84E-06,0.001543286
ONDB9YU-25K77-5L4,INITIAL,0,13/05/25,US,1,225.57,WB,13/05/25,desktop,Direct,(direct),(none),(not set),0.337940259,1.00E-05,3.38E-06,0.067770227,4.99E-05,0.011248182
ONBS3RJ-06L13-5S8,INITIAL,0,03/03/26,US,1,185.86,WB,02/03/26,tablet,Social Media,Facebook,Paid_Social,US_English_Meta_Q2_Prospecting_Sales__AdvantagePlus_MultiProduct_1Day_Consolidated,0.056813328,1,0.056813328,0.056813328,1,185.86
ONED9OY-64R34-3A2,INITIAL,0,08/01/26,US,1,239.27,WB,08/01/26,mobile,Email Web Push,email,webpush,20251220_US_Clearance_ch,0.088485317,1,0.088485317,0.135242693,0.654270591,156.5473244
ONED9OY-64R34-3A2,INITIAL,0,08/01/26,US,1,239.27,WB,08/01/26,mobile,Social Media,retailmenot.com,referral,(referral),0.04675425,1,0.04675425,0.135242693,0.345706295,82.7171452
ONED9OY-64R34-3A2,INITIAL,0,08/01/26,US,1,239.27,WB,08/01/26,mobile,EMAIL_TX,email,art_review,logo_not_modified_us,0.060278207,1.00E-05,6.03E-07,0.135242693,4.46E-06,0.001066436
ONED9OY-64R34-3A2,INITIAL,0,08/01/26,US,1,239.27,WB,08/01/26,mobile,Direct,(direct),(none),(not set),0.252318393,1.00E-05,2.52E-06,0.135242693,1.87E-05,0.004463991
ONTI0TR-19P70-0Y0,INITIAL,0,28/08/25,US,1,264.91,WB,06/08/25,non-digital,Email Web Push,email,webpush,20250806_US_BacktoSchool_Apparel_Balance,0.021800948,1,0.021800948,0.679624517,0.03207793,8.497764513
ONTI0TR-19P70-0Y0,UPDATE,0,28/08/25,US,-1,-10,WB,06/08/25,non-digital,Email Web Push,email,webpush,20250806_US_BacktoSchool_Apparel_Balance,0.021800948,1,0.021800948,0.679624517,-0.03207793,-0.320779303
ONTI0TR-19P70-0Y0,INITIAL,0,28/08/25,US,1,264.91,WB,15/08/25,non-digital,Email POC,email,poc,20250815_US_3GR_LAJ_P_Test,0.039336493,1,0.039336493,0.679624517,0.057879744,15.33292293
ONTI0TR-19P70-0Y0,UPDATE,0,28/08/25,US,-1,-10,WB,15/08/25,non-digital,Email POC,email,poc,20250815_US_3GR_LAJ_P_Test,0.039336493,1,0.039336493,0.679624517,-0.057879744,-0.578797438
ONTI0TR-19P70-0Y0,INITIAL,0,28/08/25,US,1,264.91,WB,19/08/25,non-digital,Email Web Push,email,webpush,20250818_US_TradeshowSeason,0.021800948,1,0.021800948,0.679624517,0.03207793,8.497764513
ONTI0TR-19P70-0Y0,UPDATE,0,28/08/25,US,-1,-10,WB,19/08/25,non-digital,Email Web Push,email,webpush,20250818_US_TradeshowSeason,0.021800948,1,0.021800948,0.679624517,-0.03207793,-0.320779303
ONTI0TR-19P70-0Y0,UPDATE,0,28/08/25,US,-1,-10,WB,21/08/25,non-digital,Email POC,email,poc,20250820_US_3GT_PYM_P,0.039336493,1,0.039336493,0.679624517,-0.057879744,-0.578797438
ONTI0TR-19P70-0Y0,INITIAL,0,28/08/25,US,1,264.91,WB,21/08/25,non-digital,Email POC,email,poc,20250820_US_3GT_PYM_P,0.039336493,1,0.039336493,0.679624517,0.057879744,15.33292293
ONTI0TR-19P70-0Y0,UPDATE,0,28/08/25,US,-1,-10,WB,26/08/25,non-digital,Email Web Push,email,webpush,20250825_US_August_LimitedTimeOffer,0.021800948,1,0.021800948,0.679624517,-0.03207793,-0.320779303
ONTI0TR-19P70-0Y0,INITIAL,0,28/08/25,US,1,264.91,WB,26/08/25,non-digital,Email Web Push,email,webpush,20250825_US_August_LimitedTimeOffer,0.021800948,1,0.021800948,0.679624517,0.03207793,8.497764513
ONTI0TR-19P70-0Y0,INITIAL,0,28/08/25,US,1,264.91,WB,26/08/25,non-digital,Direct,(direct),(none),(not set),0.114691943,1.00E-05,1.15E-06,0.679624517,1.69E-06,0.000447056
ONTI0TR-19P70-0Y0,UPDATE,0,28/08/25,US,-1,-10,WB,26/08/25,non-digital,Direct,(direct),(none),(not set),0.114691943,1.00E-05,1.15E-06,0.679624517,-1.69E-06,-1.69E-05
ONTI0TR-19P70-0Y0,INITIAL,0,28/08/25,US,1,264.91,WB,26/08/25,non-digital,Email Web Push,email,webpush,20250825_US_August_LimitedTimeOffer,0.021800948,1,0.021800948,0.679624517,0.03207793,8.497764513
ONTI0TR-19P70-0Y0,UPDATE,0,28/08/25,US,-1,-10,WB,26/08/25,non-digital,Email Web Push,email,webpush,20250825_US_August_LimitedTimeOffer,0.021800948,1,0.021800948,0.679624517,-0.03207793,-0.320779303
ONTI0TR-19P70-0Y0,INITIAL,0,28/08/25,US,1,264.91,WB,26/08/25,non-digital,TM_OTHERS,tm_others,tm_others,tm_others,0.213270142,1,0.213270142,0.679624517,0.31380584,83.13030502
ONTI0TR-19P70-0Y0,UPDATE,0,28/08/25,US,-1,-10,WB,26/08/25,non-digital,TM_OTHERS,tm_others,tm_others,tm_others,0.213270142,1,0.213270142,0.679624517,-0.31380584,-3.138058398
ONTI0TR-19P70-0Y0,INITIAL,0,28/08/25,US,1,264.91,WB,26/08/25,non-digital,Paid Search - Shopping,google,cpc,Shopping-CatchAll,0.009952607,1,0.009952607,0.679624517,0.014644273,3.879414234
ONTI0TR-19P70-0Y0,UPDATE,0,28/08/25,US,-1,-10,WB,26/08/25,non-digital,Paid Search - Shopping,google,cpc,Shopping-CatchAll,0.009952607,1,0.009952607,0.679624517,-0.014644273,-0.146442725
ONTI0TR-19P70-0Y0,INITIAL,0,28/08/25,US,1,264.91,WB,27/08/25,non-digital,EMAIL_TX,email,art_review,logo_modified_us,0.022274882,1.00E-05,2.23E-07,0.679624517,3.28E-07,8.68E-05
ONTI0TR-19P70-0Y0,UPDATE,0,28/08/25,US,-1,-10,WB,27/08/25,non-digital,EMAIL_TX,email,art_review,logo_modified_us,0.022274882,1.00E-05,2.23E-07,0.679624517,-3.28E-07,-3.28E-06
ONTI0TR-19P70-0Y0,UPDATE,0,28/08/25,US,-1,-10,WB,27/08/25,non-digital,Direct,(direct),(none),(not set),0.114691943,1.00E-05,1.15E-06,0.679624517,-1.69E-06,-1.69E-05
ONTI0TR-19P70-0Y0,INITIAL,0,28/08/25,US,1,264.91,WB,27/08/25,non-digital,Direct,(direct),(none),(not set),0.114691943,1.00E-05,1.15E-06,0.679624517,1.69E-06,0.000447056
ONTI0TR-19P70-0Y0,UPDATE,0,28/08/25,US,-1,-10,WB,28/08/25,non-digital,WEB INBOUND,web_inbound,web_inbound,web_inbound,0.077251185,1,0.077251185,0.679624517,-0.113667449,-1.136674486
ONTI0TR-19P70-0Y0,INITIAL,0,28/08/25,US,1,264.91,WB,28/08/25,non-digital,WEB INBOUND,web_inbound,web_inbound,web_inbound,0.077251185,1,0.077251185,0.679624517,0.113667449,30.11164382
ONTI0TR-19P70-0Y0,INITIAL,0,28/08/25,US,1,264.91,WB,28/08/25,non-digital,Direct,(direct),(none),(not set),0.114691943,1.00E-05,1.15E-06,0.679624517,1.69E-06,0.000447056
ONTI0TR-19P70-0Y0,UPDATE,0,28/08/25,US,-1,-10,WB,28/08/25,non-digital,Direct,(direct),(none),(not set),0.114691943,1.00E-05,1.15E-06,0.679624517,-1.69E-06,-1.69E-05
ONTI0TR-19P70-0Y0,INITIAL,0,28/08/25,US,1,264.91,WB,28/08/25,non-digital,TM_OTHERS,tm_others,tm_others,tm_others,0.213270142,1,0.213270142,0.679624517,0.31380584,83.13030502
ONTI0TR-19P70-0Y0,UPDATE,0,28/08/25,US,-1,-10,WB,28/08/25,non-digital,TM_OTHERS,tm_others,tm_others,tm_others,0.213270142,1,0.213270142,0.679624517,-0.31380584,-3.138058398
ONVG5MI-12K34-7Z7,INITIAL,0,27/08/25,US,1,255.91,WB,06/08/25,mobile,Email Web Push,email,webpush,20250806_US_BacktoSchool_Apparel_Balance,0.088485317,1,0.088485317,0.805647071,0.109831364,28.1069444
ONVG5MI-12K34-7Z7,UPDATE,0,28/08/25,US,-1,-255.91,WB,06/08/25,mobile,Email Web Push,email,webpush,20250806_US_BacktoSchool_Apparel_Balance,0.088485317,1,0.088485317,0.858199826,-0.103105727,-26.38578656
ONVG5MI-12K34-7Z7,UPDATE,0,28/08/25,US,-1,-255.91,WB,15/08/25,mobile,Email POC,email,poc,20250815_US_3GR_LAJ_P_Test,0.171561051,1,0.171561051,0.858199826,-0.199908047,-51.15846826
ONVG5MI-12K34-7Z7,INITIAL,0,27/08/25,US,1,255.91,WB,15/08/25,mobile,Email POC,email,poc,20250815_US_3GR_LAJ_P_Test,0.171561051,1,0.171561051,0.805647071,0.212948147,54.49556032
ONVG5MI-12K34-7Z7,UPDATE,0,28/08/25,US,-1,-255.91,WB,19/08/25,mobile,Email Web Push,email,webpush,20250818_US_TradeshowSeason,0.088485317,1,0.088485317,0.858199826,-0.103105727,-26.38578656
ONVG5MI-12K34-7Z7,INITIAL,0,27/08/25,US,1,255.91,WB,19/08/25,mobile,Email Web Push,email,webpush,20250818_US_TradeshowSeason,0.088485317,1,0.088485317,0.805647071,0.109831364,28.1069444
ONVG5MI-12K34-7Z7,UPDATE,0,28/08/25,US,-1,-255.91,WB,21/08/25,mobile,Email POC,email,poc,20250820_US_3GT_PYM_P,0.171561051,1,0.171561051,0.858199826,-0.199908047,-51.15846826
ONVG5MI-12K34-7Z7,INITIAL,0,27/08/25,US,1,255.91,WB,21/08/25,mobile,Email POC,email,poc,20250820_US_3GT_PYM_P,0.171561051,1,0.171561051,0.805647071,0.212948147,54.49556032
ONVG5MI-12K34-7Z7,UPDATE,0,28/08/25,US,-1,-255.91,WB,26/08/25,mobile,Email Web Push,email,webpush,20250825_US_August_LimitedTimeOffer,0.088485317,1,0.088485317,0.858199826,-0.103105727,-26.38578656
ONVG5MI-12K34-7Z7,INITIAL,0,27/08/25,US,1,255.91,WB,26/08/25,mobile,Email Web Push,email,webpush,20250825_US_August_LimitedTimeOffer,0.088485317,1,0.088485317,0.805647071,0.109831364,28.1069444
ONVG5MI-12K34-7Z7,UPDATE,0,28/08/25,US,-1,-255.91,WB,26/08/25,mobile,Direct,(direct),(none),(not set),0.252318393,1.00E-05,2.52E-06,0.858199826,-2.94E-06,-0.000752398
ONVG5MI-12K34-7Z7,INITIAL,0,27/08/25,US,1,255.91,WB,26/08/25,mobile,Direct,(direct),(none),(not set),0.252318393,1.00E-05,2.52E-06,0.805647071,3.13E-06,0.000801477
ONVG5MI-12K34-7Z7,UPDATE,0,28/08/25,US,-1,-255.91,WB,26/08/25,mobile,Email Web Push,email,webpush,20250825_US_August_LimitedTimeOffer,0.088485317,1,0.088485317,0.858199826,-0.103105727,-26.38578656
ONVG5MI-12K34-7Z7,INITIAL,0,27/08/25,US,1,255.91,WB,26/08/25,mobile,Email Web Push,email,webpush,20250825_US_August_LimitedTimeOffer,0.088485317,1,0.088485317,0.805647071,0.109831364,28.1069444
ONVG5MI-12K34-7Z7,UPDATE,0,28/08/25,US,-1,-255.91,WB,26/08/25,mobile,TM_OTHERS,tm_others,tm_others,tm_others,0.051004637,1,0.051004637,0.858199826,-0.059432122,-15.20927435
ONVG5MI-12K34-7Z7,INITIAL,0,27/08/25,US,1,255.91,WB,26/08/25,mobile,TM_OTHERS,tm_others,tm_others,tm_others,0.051004637,1,0.051004637,0.805647071,0.063308909,16.2013828
ONVG5MI-12K34-7Z7,INITIAL,0,27/08/25,US,1,255.91,WB,26/08/25,mobile,Paid Search - Shopping,google,cpc,Shopping-CatchAll,0.057573416,1,0.057573416,0.805647071,0.071462329,18.28792452
ONVG5MI-12K34-7Z7,UPDATE,0,28/08/25,US,-1,-255.91,WB,26/08/25,mobile,Paid Search - Shopping,google,cpc,Shopping-CatchAll,0.057573416,1,0.057573416,0.858199826,-0.067086259,-17.16804453
ONVG5MI-12K34-7Z7,UPDATE,0,28/08/25,US,-1,-255.91,WB,27/08/25,mobile,EMAIL_TX,email,art_review,logo_modified_us,0.060278207,1.00E-05,6.03E-07,0.858199826,-7.02E-07,-0.000179746
ONVG5MI-12K34-7Z7,INITIAL,0,27/08/25,US,1,255.91,WB,27/08/25,mobile,EMAIL_TX,email,art_review,logo_modified_us,0.060278207,1.00E-05,6.03E-07,0.805647071,7.48E-07,0.000191471
ONVG5MI-12K34-7Z7,INITIAL,0,27/08/25,US,1,255.91,WB,27/08/25,mobile,Direct,(direct),(none),(not set),0.252318393,1.00E-05,2.52E-06,0.805647071,3.13E-06,0.000801477
ONVG5MI-12K34-7Z7,UPDATE,0,28/08/25,US,-1,-255.91,WB,27/08/25,mobile,Direct,(direct),(none),(not set),0.252318393,1.00E-05,2.52E-06,0.858199826,-2.94E-06,-0.000752398
ONVG5MI-12K34-7Z7,UPDATE,0,28/08/25,US,-1,-255.91,WB,28/08/25,mobile,WEB INBOUND,web_inbound,web_inbound,web_inbound,0.001545595,1,0.001545595,0.858199826,-0.001800973,-0.460887101
ONVG5MI-12K34-7Z7,UPDATE,0,28/08/25,US,-1,-255.91,WB,28/08/25,mobile,Direct,(direct),(none),(not set),0.252318393,1.00E-05,2.52E-06,0.858199826,-2.94E-06,-0.000752398
ONVG5MI-12K34-7Z7,UPDATE,0,28/08/25,US,-1,-255.91,WB,28/08/25,mobile,TM_OTHERS,tm_others,tm_others,tm_others,0.051004637,1,0.051004637,0.858199826,-0.059432122,-15.20927435
ONZG2FU-52I24-1B8,INITIAL,0,25/09/25,US,1,1686.19,MO,05/09/25,non-digital,MO_Returning Non-Sampled,mo_returning non-sampled,mo_returning non-sampled,mo_returning non-sampled,0.092417062,1,0.092417062,0.092417062,1,1686.19
ONZG2FU-52I24-1B8,INITIAL,0,25/09/25,US,1,1686.19,MO,19/09/25,non-digital,MO_Returning Sampled,mo_returning sampled,mo_returning sampled,mo_returning sampled,0.073459716,1.00E-10,7.35E-12,0.092417062,7.95E-11,1.34E-07
ONOZ5QT-14Y85-4Q3,INITIAL,0,22/01/26,US,1,379.91,WB,02/01/26,desktop,MO_Returning Sampled,mo_returning sampled,mo_returning sampled,mo_returning sampled,0.024520731,1.00E-10,2.45E-12,3.84E-06,6.38E-07,0.000242402
ONOZ5QT-14Y85-4Q3,INITIAL,0,22/01/26,US,1,379.91,WB,22/01/26,desktop,Direct,(direct),(none),(not set),0.337940259,1.00E-05,3.38E-06,3.84E-06,0.879349787,334.0737776
ONOZ5QT-14Y85-4Q3,INITIAL,0,22/01/26,US,1,379.91,WB,22/01/26,desktop,EMAIL_TX,email,art_review,logo_modified_us,0.046366473,1.00E-05,4.64E-07,3.84E-06,0.120649575,45.83598004
ONTU6RT-39O40-1P1,UPDATE,0,09/04/26,CA,-1,-230.724,WB,10/03/26,desktop,Paid Search - Brand,google,cpc,Brand-CA-T1-Pure,0.082289056,1,0.082289056,0.190064453,-0.432953426,-99.89274623
ONTU6RT-39O40-1P1,INITIAL,0,23/03/26,CA,1,230.724,WB,10/03/26,desktop,Paid Search - Brand,google,cpc,Brand-CA-T1-Pure,0.082289056,1,0.082289056,0.082292043,0.999963707,230.7156263
ONTU6RT-39O40-1P1,UPDATE,0,09/04/26,CA,-1,-230.724,WB,23/03/26,desktop,Direct,(direct),(none),(not set),0.298663325,1.00E-05,2.99E-06,0.190064453,-1.57E-05,-0.003625549
ONTU6RT-39O40-1P1,INITIAL,0,23/03/26,CA,1,230.724,WB,23/03/26,desktop,Direct,(direct),(none),(not set),0.298663325,1.00E-05,2.99E-06,0.082292043,3.63E-05,0.008373689
ONTU6RT-39O40-1P1,UPDATE,0,09/04/26,CA,-1,-230.724,WB,09/04/26,desktop,TM_OTHERS,tm_others,tm_others,tm_others,0.053884712,1,0.053884712,0.190064453,-0.283507573,-65.41200134
ONTU6RT-39O40-1P1,UPDATE,0,09/04/26,CA,-1,-230.724,WB,09/04/26,desktop,Direct,(direct),(none),(not set),0.298663325,1.00E-05,2.99E-06,0.190064453,-1.57E-05,-0.003625549
ONTU6RT-39O40-1P1,UPDATE,0,09/04/26,CA,-1,-230.724,WB,09/04/26,desktop,TM_OTHERS,tm_others,tm_others,tm_others,0.053884712,1,0.053884712,0.190064453,-0.283507573,-65.41200134
ONAY6IU-75R07-3X1,INITIAL,0,25/07/25,CA,1,240.066,WB,11/07/25,desktop,MO_Returning Sampled,mo_returning sampled,mo_returning sampled,mo_returning sampled,0.04845447,1.00E-10,4.85E-12,0.055140831,8.79E-11,2.11E-08
ONAY6IU-75R07-3X1,INITIAL,0,25/07/25,CA,1,240.066,WB,15/07/25,desktop,Referral,couponchief.com,referral,(referral),0.008354219,1,0.008354219,0.055140831,0.151506945,36.37166623
ONAY6IU-75R07-3X1,INITIAL,0,25/07/25,CA,1,240.066,WB,15/07/25,desktop,Direct,(direct),(none),(not set),0.298663325,1.00E-05,2.99E-06,0.055140831,5.42E-05,0.013002871
ONAY6IU-75R07-3X1,INITIAL,0,25/07/25,CA,1,240.066,WB,25/07/25,desktop,Referral,couponchief.com,referral,(referral),0.008354219,1,0.008354219,0.055140831,0.151506945,36.37166623
ONAY6IU-75R07-3X1,INITIAL,0,25/07/25,CA,1,240.066,WB,25/07/25,desktop,Organic Search,google,organic,(organic),0.038429407,1,0.038429407,0.055140831,0.696931946,167.3096647
ONFP6IV-42K45-3J7,INITIAL,0,17/10/25,CA,1,242.964,WB,01/10/25,desktop,TM_CRM,tm_crm,tm_crm,tm_crm,0.060150376,1,0.060150376,0.099835902,0.602492436,146.3839722
ONFP6IV-42K45-3J7,INITIAL,0,17/10/25,CA,1,242.964,WB,10/10/25,desktop,MO_Returning Sampled,mo_returning sampled,mo_returning sampled,mo_returning sampled,0.04845447,1.00E-10,4.85E-12,0.099835902,4.85E-11,1.18E-08
ONFP6IV-42K45-3J7,INITIAL,0,17/10/25,CA,1,242.964,WB,16/10/25,desktop,Organic Search,google,organic,(organic),0.038429407,1,0.038429407,0.099835902,0.384925723,93.52309334
ONFP6IV-42K45-3J7,INITIAL,0,17/10/25,CA,1,242.964,WB,17/10/25,desktop,Social Media,retailmenot.com,referral,(referral),0.001253133,1,0.001253133,0.099835902,0.012551926,3.049666087
ONFP6IV-42K45-3J7,INITIAL,0,17/10/25,CA,1,242.964,WB,17/10/25,desktop,Direct,(direct),(none),(not set),0.298663325,1.00E-05,2.99E-06,0.099835902,2.99E-05,0.007268371
ONHJ4YH-62C36-1Y5,INITIAL,0,20/04/26,CA,1,254.484,WB,10/04/26,desktop,MO_Returning Sampled,mo_returning sampled,mo_returning sampled,mo_returning sampled,0.04845447,1.00E-10,4.85E-12,0.03968254,1.22E-10,3.11E-08
ONHJ4YH-62C36-1Y5,INITIAL,0,20/04/26,CA,1,254.484,WB,20/04/26,desktop,Social Media,retailmenot.com,referral,(referral),0.001253133,1,0.001253133,0.03968254,0.031578947,8.036336841
ONHJ4YH-62C36-1Y5,INITIAL,0,20/04/26,CA,1,254.484,WB,20/04/26,desktop,Organic Search,google,organic,(organic),0.038429407,1,0.038429407,0.03968254,0.968421053,246.4476631
ONTJ8OG-74B55-0N9,INITIAL,0,14/01/26,CA,1,295.524,WB,09/01/26,desktop,MO_Returning Sampled,mo_returning sampled,mo_returning sampled,mo_returning sampled,0.04845447,1.00E-10,4.85E-12,0.03968254,1.22E-10,3.61E-08
ONTJ8OG-74B55-0N9,INITIAL,0,14/01/26,CA,1,295.524,WB,14/01/26,desktop,Social Media,retailmenot.com,referral,(referral),0.001253133,1,0.001253133,0.03968254,0.031578947,9.332336841
ONTJ8OG-74B55-0N9,INITIAL,0,14/01/26,CA,1,295.524,WB,14/01/26,desktop,Organic Search,google,organic,(organic),0.038429407,1,0.038429407,0.03968254,0.968421053,286.1916631
ONTK6QW-80Z10-1T7,INITIAL,0,09/05/25,CA,1,228.78,WB,02/05/25,desktop,MO_Returning Sampled,mo_returning sampled,mo_returning sampled,mo_returning sampled,0.04845447,1.00E-10,4.85E-12,2.99E-06,1.62E-06,0.000371167
ONTK6QW-80Z10-1T7,INITIAL,0,09/05/25,CA,1,228.78,WB,09/05/25,desktop,Direct,(direct),(none),(not set),0.298663325,1.00E-05,2.99E-06,2.99E-06,0.999998378,228.7796288
ONCV8JX-65V91-4M0,INITIAL,0,15/11/25,US,1,137.37,WB,17/10/25,mobile,Organic Search,google,organic,(organic),0.017387944,1,0.017387944,0.040963315,0.424476003,58.31026856
ONCV8JX-65V91-4M0,INITIAL,0,15/11/25,US,1,137.37,WB,17/10/25,mobile,Direct,(direct),(none),(not set),0.252318393,1.00E-05,2.52E-06,0.040963315,6.16E-05,0.008461468
ONCV8JX-65V91-4M0,INITIAL,0,15/11/25,US,1,137.37,WB,18/10/25,mobile,Email Triggers,email,abandon_cart,US_Abandon_Cart_01,0.023570325,1,0.023570325,0.040963315,0.575400804,79.0428085
ONCV8JX-65V91-4M0,INITIAL,0,15/11/25,US,1,137.37,WB,24/10/25,mobile,MO_Returning Non-Sampled,mo_returning non-sampled,mo_returning non-sampled,mo_returning non-sampled,0.017387944,1.00E-10,1.74E-12,0.040963315,4.24E-11,5.83E-09
ONCV8JX-65V91-4M0,INITIAL,0,15/11/25,US,1,137.37,WB,15/11/25,mobile,Direct,(direct),(none),(not set),0.252318393,1.00E-05,2.52E-06,0.040963315,6.16E-05,0.008461468
ONAN0TR-20F37-9L9,INITIAL,0,16/05/25,CA,1,110.088,MO,25/04/25,desktop,MO_Returning Sampled,mo_returning sampled,mo_returning sampled,mo_returning sampled,0.04845447,1,0.04845447,0.04845447,1,110.088
ONAN0TR-20F37-9L9,INITIAL,0,16/05/25,CA,1,110.088,MO,16/05/25,desktop,MO_Returning Sampled,mo_returning sampled,mo_returning sampled,mo_returning sampled,0.04845447,1.00E-10,4.85E-12,0.04845447,1.00E-10,1.10E-08
ONMJ8SP-99D98-1J8,INITIAL,0,06/01/26,CA,1,149.688,TM,19/12/25,non-digital,TM_OTHERS,tm_others,tm_others,tm_others,0.214539909,1,0.214539909,0.214539909,1,149.688
ONQY8LY-96L28-3U3,INITIAL,0,05/12/25,DE,1,494.375,WB,07/11/25,desktop,MO_Returning Sampled,mo_returning sampled,mo_returning sampled,mo_returning sampled,0.046067939,1.00E-10,4.61E-12,0.070730572,6.51E-11,3.22E-08
ONQY8LY-96L28-3U3,INITIAL,0,05/12/25,DE,1,494.375,WB,07/11/25,desktop,MO_Returning Non-Sampled,mo_returning non-sampled,mo_returning non-sampled,mo_returning non-sampled,0.013494649,1.00E-10,1.35E-12,0.070730572,1.91E-11,9.43E-09
ONQY8LY-96L28-3U3,INITIAL,0,05/12/25,DE,1,494.375,WB,05/12/25,desktop,Email Web Push,email,Webpush,20251205_DE_799J_Extended Cyber Monday_C,0.070730572,1,0.070730572,0.070730572,1,494.375
ONCW4HG-22U19-4B5,INITIAL,0,14/08/25,CA,1,307.044,TM,25/07/25,non-digital,MO_Returning Sampled,mo_returning sampled,mo_returning sampled,mo_returning sampled,0.078291815,1.00E-10,7.83E-12,0.179969497,4.35E-11,1.34E-08
ONCW4HG-22U19-4B5,INITIAL,0,14/08/25,CA,1,307.044,TM,07/08/25,non-digital,TM_CRM,tm_crm,tm_crm,tm_crm,0.179969497,1,0.179969497,0.179969497,1,307.044
ONCW4HG-22U19-4B5,INITIAL,0,14/08/25,CA,1,307.044,TM,08/08/25,non-digital,MO_Returning Non-Sampled,mo_returning non-sampled,mo_returning non-sampled,mo_returning non-sampled,0.061514997,1.00E-10,6.15E-12,0.179969497,3.42E-11,1.05E-08
ONCW4HG-22U19-4B5,INITIAL,0,14/08/25,CA,1,307.044,TM,08/08/25,non-digital,MO_Returning Sampled,mo_returning sampled,mo_returning sampled,mo_returning sampled,0.078291815,1.00E-10,7.83E-12,0.179969497,4.35E-11,1.34E-08
ONNU9EL-59J32-2E5,INITIAL,0,19/11/25,CA,1,543.6,TM,31/10/25,non-digital,MO_Returning Sampled,mo_returning sampled,mo_returning sampled,mo_returning sampled,0.078291815,1.00E-10,7.83E-12,0.241484494,3.24E-11,1.76E-08
ONNU9EL-59J32-2E5,INITIAL,0,19/11/25,CA,1,543.6,TM,07/11/25,non-digital,MO_Returning Non-Sampled,mo_returning non-sampled,mo_returning non-sampled,mo_returning non-sampled,0.061514997,1,0.061514997,0.241484494,0.254736842,138.4749474
ONNU9EL-59J32-2E5,INITIAL,0,19/11/25,CA,1,543.6,TM,18/11/25,non-digital,TM_CRM,tm_crm,tm_crm,tm_crm,0.179969497,1,0.179969497,0.241484494,0.745263158,405.1250526
ONKI6EP-07W60-3R1,INITIAL,0,13/05/26,US,1,110.94,MO,17/04/26,non-digital,MO_Returning Sampled,mo_returning sampled,mo_returning sampled,mo_returning sampled,0.073459716,1,0.073459716,0.073459716,1,110.94
ONKI6EP-07W60-3R1,INITIAL,0,13/05/26,US,1,110.94,MO,08/05/26,non-digital,MO_Returning Sampled,mo_returning sampled,mo_returning sampled,mo_returning sampled,0.073459716,1.00E-10,7.35E-12,0.073459716,1.00E-10,1.11E-08
ONOO7JU-15S90-2J0,INITIAL,0,01/04/25,US,1,155.44,MO,14/03/25,mobile,MO_Returning Sampled,mo_returning sampled,mo_returning sampled,mo_returning sampled,0.031684699,1,0.031684699,0.031684699,1,155.44
ONOO7JU-15S90-2J0,INITIAL,0,01/04/25,US,1,155.44,MO,01/04/25,mobile,MO_Returning Sampled,mo_returning sampled,mo_returning sampled,mo_returning sampled,0.031684699,1.00E-10,3.17E-12,0.031684699,1.00E-10,1.55E-08
ONRB9TU-77D67-8N1,INITIAL,0,01/08/25,US,1,155.19,MO,18/07/25,non-digital,MO_Returning Sampled,mo_returning sampled,mo_returning sampled,mo_returning sampled,0.073459716,1,0.073459716,0.073459716,1,155.19
ONRB9TU-77D67-8N1,INITIAL,0,01/08/25,US,1,155.19,MO,01/08/25,non-digital,MO_Returning Sampled,mo_returning sampled,mo_returning sampled,mo_returning sampled,0.073459716,1.00E-10,7.35E-12,0.073459716,1.00E-10,1.55E-08
ONMJ5OF-14L61-1D6,INITIAL,0,20/08/25,US,1,245.69,TM,20/08/25,non-digital,TM_OTHERS,tm_others,tm_others,tm_others,0.213270142,1,0.213270142,0.213270142,1,245.69
ONCP6WH-62B64-7D8,INITIAL,0,15/07/25,US,1,188.64,WB,15/07/25,desktop,Direct,(direct),(none),(not set),0.337940259,1.00E-05,3.38E-06,3.38E-06,1,188.64
ONXC6JA-14R16-5H1,INITIAL,0,24/03/26,US,1,224.58,WB,24/03/26,mobile,Paid Search - Brand,google,cpc,Brand-US-Pens-T1-Pure,0.041731066,1,0.041731066,0.04173359,0.999939541,224.566422
ONXC6JA-14R16-5H1,INITIAL,0,24/03/26,US,1,224.58,WB,24/03/26,mobile,Direct,(direct),(none),(not set),0.252318393,1.00E-05,2.52E-06,0.04173359,6.05E-05,0.013577951
ONKT8PS-65N97-6F5,INITIAL,0,18/03/26,US,1,944.18,WB,27/02/26,desktop,MO_Returning Non-Sampled,mo_returning non-sampled,mo_returning non-sampled,mo_returning non-sampled,0.016495765,1.00E-10,1.65E-12,0.036562024,4.51E-11,4.26E-08
ONKT8PS-65N97-6F5,INITIAL,0,18/03/26,US,1,944.18,WB,06/03/26,desktop,MO_Returning Sampled,mo_returning sampled,mo_returning sampled,mo_returning sampled,0.024520731,1.00E-10,2.45E-12,0.036562024,6.71E-11,6.33E-08
ONKT8PS-65N97-6F5,INITIAL,0,18/03/26,US,1,944.18,WB,17/03/26,desktop,Paid Search - Shopping,bing,cpc,Shopping-PMAX-Pens,0.036558181,1,0.036558181,0.036562024,0.999894889,944.0807563
ONKT8PS-65N97-6F5,INITIAL,0,18/03/26,US,1,944.18,WB,18/03/26,desktop,Direct,(direct),(none),(not set),0.337940259,1.00E-05,3.38E-06,0.036562024,9.24E-05,0.087269904
ONKT8PS-65N97-6F5,INITIAL,0,18/03/26,US,1,944.18,WB,18/03/26,desktop,EMAIL_TX,email,art_review,logo_modified_us,0.046366473,1.00E-05,4.64E-07,0.036562024,1.27E-05,0.011973707
ONHF8GV-65B00-6W3,INITIAL,0,08/12/25,US,1,501.76,TM,03/12/25,non-digital,TM_TA,tm_ta,tm_ta,tm_ta,0.055924171,1,0.055924171,0.055924171,1,501.76
ONPQ3TR-14F90-5Z2,INITIAL,0,10/10/25,US,1,375.82,TM,10/10/25,non-digital,TM_OTHERS,tm_others,tm_others,tm_others,0.213270142,1,0.213270142,0.213270142,1,375.82
ONTO9KH-17W17-2Z6,INITIAL,0,28/01/26,US,1,154.49,WB,23/01/26,desktop,MO_Returning Non-Sampled,mo_returning non-sampled,mo_returning non-sampled,mo_returning non-sampled,0.016495765,1.00E-10,1.65E-12,0.060187249,2.74E-11,4.23E-09
ONTO9KH-17W17-2Z6,INITIAL,0,28/01/26,US,1,154.49,WB,28/01/26,desktop,Paid Search - NonBrand,bing,cpc,NB-Stationery-Calendars,0.060187249,1,0.060187249,0.060187249,1,154.49
ONOW3LX-34Q84-0J0,INITIAL,0,17/11/25,US,1,104.62,MO,24/10/25,non-digital,MO_Returning Non-Sampled,mo_returning non-sampled,mo_returning non-sampled,mo_returning non-sampled,0.092417062,1.00E-10,9.24E-12,0.039336493,2.35E-10,2.46E-08
ONOW3LX-34Q84-0J0,INITIAL,0,17/11/25,US,1,104.62,MO,13/11/25,non-digital,Email POC,email,poc,20251112_US_3LX_DQN,0.039336493,1,0.039336493,0.039336493,1,104.62
ONZI8AS-56T38-1W2,INITIAL,0,03/02/26,US,1,188.92,WB,01/02/26,desktop,Paid Search - Brand,google,cpc,Brand-US-NP-T1-Pure,0.067766384,1,0.067766384,0.195723861,0.346234659,65.41065185
ONZI8AS-56T38-1W2,INITIAL,0,03/02/26,US,1,188.92,WB,02/02/26,desktop,Paid Search - NonBrand,google,cpc,(not set),0.060187249,1,0.060187249,0.195723861,0.307511046,58.09498684
ONZI8AS-56T38-1W2,INITIAL,0,03/02/26,US,1,188.92,WB,02/02/26,desktop,Paid Search - Brand,google,cpc,Brand-US-NP-T1-Pure,0.067766384,1,0.067766384,0.195723861,0.346234659,65.41065185
ONZI8AS-56T38-1W2,INITIAL,0,03/02/26,US,1,188.92,WB,03/02/26,desktop,Direct,(direct),(none),(not set),0.337940259,1.00E-05,3.38E-06,0.195723861,1.73E-05,0.003261926
ONZI8AS-56T38-1W2,INITIAL,0,03/02/26,US,1,188.92,WB,03/02/26,desktop,EMAIL_TX,email,art_review,logo_not_modified_us,0.046366473,1.00E-05,4.64E-07,0.195723861,2.37E-06,0.000447547
ONCB6IV-04G70-6V1,INITIAL,0,22/04/25,US,1,120.66,WB,04/04/25,desktop,MO_Returning Sampled,mo_returning sampled,mo_returning sampled,mo_returning sampled,0.024520731,1.00E-10,2.45E-12,0.067766384,3.62E-11,4.37E-09
ONCB6IV-04G70-6V1,INITIAL,0,22/04/25,US,1,120.66,WB,22/04/25,desktop,Paid Search - Brand,google,cpc,Brand-US-T2-General,0.067766384,1,0.067766384,0.067766384,1,120.66
ONTS5HM-26U82-4V4,INITIAL,0,03/03/26,US,1,750.62,MO,27/02/26,non-digital,MO_Returning Non-Sampled,mo_returning non-sampled,mo_returning non-sampled,mo_returning non-sampled,0.092417062,1.00E-10,9.24E-12,0.213270142,4.33E-11,3.25E-08
ONTS5HM-26U82-4V4,INITIAL,0,03/03/26,US,1,750.62,MO,03/03/26,non-digital,TM_OTHERS,tm_others,tm_others,tm_others,0.213270142,1,0.213270142,0.213270142,1,750.62
ONFW1VK-14B21-0L0,INITIAL,0,18/09/25,CA,1,359.244,WB,05/09/25,non-digital,MO_Returning Sampled,mo_returning sampled,mo_returning sampled,mo_returning sampled,0.078291815,1.00E-10,7.83E-12,0.477885104,1.64E-11,5.89E-09
ONFW1VK-14B21-0L0,INITIAL,0,18/09/25,CA,1,359.244,WB,17/09/25,non-digital,TM_OTHERS,tm_others,tm_others,tm_others,0.214539909,1,0.214539909,0.477885104,0.44893617,161.2776255
ONFW1VK-14B21-0L0,INITIAL,0,18/09/25,CA,1,359.244,WB,18/09/25,non-digital,WEB INBOUND,web_inbound,web_inbound,web_inbound,0.048805287,1,0.048805287,0.477885104,0.10212766,36.68874894
ONFW1VK-14B21-0L0,INITIAL,0,18/09/25,CA,1,359.244,WB,18/09/25,non-digital,TM_OTHERS,tm_others,tm_others,tm_others,0.214539909,1,0.214539909,0.477885104,0.44893617,161.2776255
ONGS1MH-51Q58-1B7,INITIAL,0,19/01/26,CA,1,334.764,TM,16/01/26,non-digital,MO_Returning Sampled,mo_returning sampled,mo_returning sampled,mo_returning sampled,0.078291815,1.00E-10,7.83E-12,7.83E-12,1,334.764
ONQU4CD-17I03-6J9,INITIAL,0,16/01/26,CA,1,541.43424,TM,16/01/26,non-digital,MO_Returning Sampled,mo_returning sampled,mo_returning sampled,mo_returning sampled,0.078291815,1.00E-10,7.83E-12,7.83E-12,1,541.43424
ONQU4CD-17I03-6J9,UPDATE,0,16/01/26,CA,-1,-541.43424,TM,16/01/26,non-digital,MO_Returning Sampled,mo_returning sampled,mo_returning sampled,mo_returning sampled,0.078291815,1.00E-10,7.83E-12,7.83E-12,-1,-541.43424
ONYI8FO-89G12-3L1,INITIAL,0,16/01/26,CA,1,547.17264,TM,16/01/26,non-digital,MO_Returning Sampled,mo_returning sampled,mo_returning sampled,mo_returning sampled,0.078291815,1.00E-10,7.83E-12,7.83E-12,1,547.17264
ONYX6JG-26G93-9X4,INITIAL,0,14/01/26,CA,1,1185.66576,TM,14/01/26,non-digital,TM_OTHERS,tm_others,tm_others,tm_others,0.214539909,1,0.214539909,0.214539909,1,1185.66576
ONYX6JG-26G93-9X4,UPDATE,0,14/01/26,CA,-1,-531.32544,TM,14/01/26,non-digital,TM_OTHERS,tm_others,tm_others,tm_others,0.214539909,1,0.214539909,0.214539909,-1,-531.32544
ONVN8WV-30Z74-6F5,INITIAL,0,03/03/26,CA,1,385.164,WB,06/02/26,non-digital,MO_Returning Non-Sampled,mo_returning non-sampled,mo_returning non-sampled,mo_returning non-sampled,0.061514997,1.00E-10,6.15E-12,1.40E-11,0.44,169.47216
ONVN8WV-30Z74-6F5,INITIAL,0,03/03/26,CA,1,385.164,WB,20/02/26,non-digital,MO_Returning Sampled,mo_returning sampled,mo_returning sampled,mo_returning sampled,0.078291815,1.00E-10,7.83E-12,1.40E-11,0.56,215.69184
ONUA8JC-74B83-5D6,INITIAL,0,03/02/26,US,1,274.02,WB,22/01/26,desktop,Direct,(direct),(none),(not set),0.337940259,1.00E-05,3.38E-06,0.064210798,5.26E-05,0.014421623
ONUA8JC-74B83-5D6,INITIAL,0,03/02/26,US,1,274.02,WB,22/01/26,desktop,Email Web Push,email,webpush,20260122_US_Clearance,0.064199733,1,0.064199733,0.064210798,0.999827669,273.9727777
ONUA8JC-74B83-5D6,INITIAL,0,03/02/26,US,1,274.02,WB,23/01/26,desktop,Direct,(direct),(none),(not set),0.337940259,1.00E-05,3.38E-06,0.064210798,5.26E-05,0.014421623
ONUA8JC-74B83-5D6,INITIAL,0,03/02/26,US,1,274.02,WB,23/01/26,desktop,EMAIL_TX,email,art_review,logo_modified_us,0.046366473,1.00E-05,4.64E-07,0.064210798,7.22E-06,0.001978692
ONUA8JC-74B83-5D6,INITIAL,0,03/02/26,US,1,274.02,WB,03/02/26,desktop,Direct,(direct),(none),(not set),0.337940259,1.00E-05,3.38E-06,0.064210798,5.26E-05,0.014421623
ONUA8JC-74B83-5D6,INITIAL,0,03/02/26,US,1,274.02,WB,03/02/26,desktop,EMAIL_TX,email,art_review,logo_modified_us,0.046366473,1.00E-05,4.64E-07,0.064210798,7.22E-06,0.001978692
ONXJ2TF-76S50-3H9,INITIAL,0,22/01/26,US,1,339.64,WB,22/01/26,desktop,Direct,(direct),(none),(not set),0.337940259,1.00E-05,3.38E-06,0.064203112,5.26E-05,0.017877331
ONXJ2TF-76S50-3H9,INITIAL,0,22/01/26,US,1,339.64,WB,22/01/26,desktop,Email Web Push,email,webpush,20260122_US_Clearance,0.064199733,1,0.064199733,0.064203112,0.999947364,339.6221227
ONXU6BJ-44M47-0P2,INITIAL,0,17/04/25,US,1,242.14,TM,21/03/25,non-digital,MO_Returning Sampled,mo_returning sampled,mo_returning sampled,mo_returning sampled,0.073459716,1.00E-10,7.35E-12,1.66E-11,0.442857143,107.2334286
ONXU6BJ-44M47-0P2,INITIAL,0,17/04/25,US,1,242.14,TM,28/03/25,non-digital,MO_Returning Non-Sampled,mo_returning non-sampled,mo_returning non-sampled,mo_returning non-sampled,0.092417062,1.00E-10,9.24E-12,1.66E-11,0.557142857,134.9065714
ONYP1MR-28I65-6D3,INITIAL,0,14/04/25,US,1,280.34,WB,28/03/25,desktop,MO_Returning Non-Sampled,mo_returning non-sampled,mo_returning non-sampled,mo_returning non-sampled,0.016495765,1.00E-10,1.65E-12,3.38E-06,4.88E-07,0.000136841
ONYP1MR-28I65-6D3,INITIAL,0,14/04/25,US,1,280.34,WB,14/04/25,desktop,Direct,(direct),(none),(not set),0.337940259,1.00E-05,3.38E-06,3.38E-06,0.999999512,280.3398632
ONAK2AK-07T10-0L9,INITIAL,0,20/03/26,US,1,387.7,WB,19/03/26,non-digital,TM_OTHERS,tm_others,tm_others,tm_others,0.213270142,1,0.213270142,0.290521327,0.734094617,284.6084829
ONAK2AK-07T10-0L9,INITIAL,0,20/03/26,US,1,387.7,WB,20/03/26,non-digital,WEB INBOUND,web_inbound,web_inbound,web_inbound,0.077251185,1,0.077251185,0.290521327,0.265905383,103.0915171
ONMB9PR-73O13-2C9,INITIAL,0,12/11/25,US,1,1112.94,TM,17/10/25,non-digital,MO_Returning Sampled,mo_returning sampled,mo_returning sampled,mo_returning sampled,0.073459716,1.00E-10,7.35E-12,0.092417062,7.95E-11,8.85E-08
ONMB9PR-73O13-2C9,INITIAL,0,12/11/25,US,1,1112.94,TM,24/10/25,non-digital,MO_Returning Non-Sampled,mo_returning non-sampled,mo_returning non-sampled,mo_returning non-sampled,0.092417062,1,0.092417062,0.092417062,1,1112.94
ONEI4BK-86G98-5F6,INITIAL,0,03/07/25,US,1,119.44,WB,13/06/25,desktop,MO_Returning Non-Sampled,mo_returning non-sampled,mo_returning non-sampled,mo_returning non-sampled,0.016495765,1.00E-10,1.65E-12,0.067766384,2.43E-11,2.91E-09
ONEI4BK-86G98-5F6,INITIAL,0,03/07/25,US,1,119.44,WB,03/07/25,desktop,Paid Search - Brand,bing,cpc,Brand-US-T1-Pure,0.067766384,1,0.067766384,0.067766384,1,119.44
ONVK2CX-40I76-2F1,INITIAL,0,17/09/25,DE,1,436.1687,TM,05/09/25,non-digital,MO_Returning Sampled,mo_returning sampled,mo_returning sampled,mo_returning sampled,0.138452589,1,0.138452589,0.380453752,0.363914373,158.728059
ONVK2CX-40I76-2F1,INITIAL,0,17/09/25,DE,1,436.1687,TM,10/09/25,non-digital,TM_TA,tm_ta,tm_ta,tm_ta,0.113438045,1,0.113438045,0.380453752,0.298165138,130.0503005
ONVK2CX-40I76-2F1,INITIAL,0,17/09/25,DE,1,436.1687,TM,12/09/25,non-digital,MO_Returning Sampled,mo_returning sampled,mo_returning sampled,mo_returning sampled,0.138452589,1.00E-10,1.38E-11,0.380453752,3.64E-11,1.59E-08
ONVK2CX-40I76-2F1,INITIAL,0,17/09/25,DE,1,436.1687,TM,17/09/25,non-digital,TM_CRM,tm_crm,tm_crm,tm_crm,0.128563118,1,0.128563118,0.380453752,0.337920489,147.3903405
ONDV9WT-88W16-1C0,INITIAL,0,26/03/26,DE,1,428.4847,WB,26/03/26,desktop,Paid Search - NonBrand,google,cpc,NB-DE-DE-Writing-Pens,0.073522569,1,0.073522569,0.073522569,1,428.4847
ONFT0QC-17L48-2M1,UPDATE,0,08/09/25,DE,-1,-129.3737,MO,29/08/25,mobile,MO_Returning Sampled,mo_returning sampled,mo_returning sampled,mo_returning sampled,0.059250302,1.00E-10,5.93E-12,1.50E-11,-0.39516129,-51.12347823
ONFT0QC-17L48-2M1,INITIAL,0,08/09/25,DE,1,129.3737,MO,29/08/25,mobile,MO_Returning Sampled,mo_returning sampled,mo_returning sampled,mo_returning sampled,0.059250302,1.00E-10,5.93E-12,1.50E-11,0.39516129,51.12347823
ONFT0QC-17L48-2M1,INITIAL,0,08/09/25,DE,1,129.3737,MO,04/09/25,mobile,MO_Returning Non-Sampled,mo_returning non-sampled,mo_returning non-sampled,mo_returning non-sampled,0.015719468,1.00E-10,1.57E-12,1.50E-11,0.10483871,13.56337177
ONFT0QC-17L48-2M1,UPDATE,0,08/09/25,DE,-1,-129.3737,MO,04/09/25,mobile,MO_Returning Non-Sampled,mo_returning non-sampled,mo_returning non-sampled,mo_returning non-sampled,0.015719468,1.00E-10,1.57E-12,1.50E-11,-0.10483871,-13.56337177
ONFT0QC-17L48-2M1,INITIAL,0,08/09/25,DE,1,129.3737,MO,05/09/25,mobile,MO_Returning Sampled,mo_returning sampled,mo_returning sampled,mo_returning sampled,0.059250302,1.00E-10,5.93E-12,1.50E-11,0.39516129,51.12347823
ONFT0QC-17L48-2M1,UPDATE,0,08/09/25,DE,-1,-129.3737,MO,05/09/25,mobile,MO_Returning Sampled,mo_returning sampled,mo_returning sampled,mo_returning sampled,0.059250302,1.00E-10,5.93E-12,1.50E-11,-0.39516129,-51.12347823
ONFT0QC-17L48-2M1,INITIAL,0,08/09/25,DE,1,129.3737,MO,08/09/25,mobile,MO_Returning Non-Sampled,mo_returning non-sampled,mo_returning non-sampled,mo_returning non-sampled,0.015719468,1.00E-10,1.57E-12,1.50E-11,0.10483871,13.56337177
ONFT0QC-17L48-2M1,UPDATE,0,08/09/25,DE,-1,-129.3737,MO,08/09/25,mobile,MO_Returning Non-Sampled,mo_returning non-sampled,mo_returning non-sampled,mo_returning non-sampled,0.015719468,1.00E-10,1.57E-12,1.50E-11,-0.10483871,-13.56337177
ONQE4BB-00B82-6O6,INITIAL,0,09/09/25,DE,1,129.3737,MO,29/08/25,non-digital,MO_Returning Sampled,mo_returning sampled,mo_returning sampled,mo_returning sampled,0.138452589,1.00E-10,1.38E-11,0.03432228,4.03E-10,5.22E-08
ONQE4BB-00B82-6O6,INITIAL,0,09/09/25,DE,1,129.3737,MO,04/09/25,non-digital,MO_Returning Non-Sampled,mo_returning non-sampled,mo_returning non-sampled,mo_returning non-sampled,0.057591623,1.00E-10,5.76E-12,0.03432228,1.68E-10,2.17E-08
ONQE4BB-00B82-6O6,INITIAL,0,09/09/25,DE,1,129.3737,MO,05/09/25,non-digital,MO_Returning Sampled,mo_returning sampled,mo_returning sampled,mo_returning sampled,0.138452589,1.00E-10,1.38E-11,0.03432228,4.03E-10,5.22E-08
ONQE4BB-00B82-6O6,INITIAL,0,09/09/25,DE,1,129.3737,MO,08/09/25,non-digital,MO_Returning Non-Sampled,mo_returning non-sampled,mo_returning non-sampled,mo_returning non-sampled,0.057591623,1.00E-10,5.76E-12,0.03432228,1.68E-10,2.17E-08
ONQE4BB-00B82-6O6,INITIAL,0,09/09/25,DE,1,129.3737,MO,09/09/25,non-digital,WEB RECOVERY,web_rec,web_rec,web_rec,0.03432228,1,0.03432228,0.03432228,0.999999999,129.3736999
ONDC5CY-03V94-0P9,INITIAL,0,11/02/26,US,1,754.79,WB,30/01/26,desktop,MO_Returning Sampled,mo_returning sampled,mo_returning sampled,mo_returning sampled,0.024520731,1.00E-10,2.45E-12,0.03656156,6.71E-11,5.06E-08
ONDC5CY-03V94-0P9,INITIAL,0,11/02/26,US,1,754.79,WB,03/02/26,desktop,Paid Search - Shopping,google,cpc,Shopping-CatchAll,0.036558181,1,0.036558181,0.03656156,0.99990757,754.7202343
ONDC5CY-03V94-0P9,INITIAL,0,11/02/26,US,1,754.79,WB,11/02/26,desktop,Direct,(direct),(none),(not set),0.337940259,1.00E-05,3.38E-06,0.03656156,9.24E-05,0.069765602
ONCG0XL-40N09-0R6,INITIAL,0,22/04/25,DE,1,173.4437,MO,04/04/25,non-digital,MO_Returning Sampled,mo_returning sampled,mo_returning sampled,mo_returning sampled,0.138452589,1,0.138452589,0.138453351,0.999994496,173.4427453
ONCG0XL-40N09-0R6,UPDATE,0,22/04/25,DE,-1,-173.4437,MO,04/04/25,non-digital,MO_Returning Sampled,mo_returning sampled,mo_returning sampled,mo_returning sampled,0.138452589,1,0.138452589,0.138453351,-0.999994496,-173.4427453
ONCG0XL-40N09-0R6,INITIAL,0,22/04/25,DE,1,173.4437,MO,22/04/25,non-digital,MO_Returning Sampled,mo_returning sampled,mo_returning sampled,mo_returning sampled,0.138452589,1.00E-10,1.38E-11,0.138453351,1.00E-10,1.73E-08
ONCG0XL-40N09-0R6,UPDATE,0,22/04/25,DE,-1,-173.4437,MO,22/04/25,non-digital,MO_Returning Sampled,mo_returning sampled,mo_returning sampled,mo_returning sampled,0.138452589,1.00E-10,1.38E-11,0.138453351,-1.00E-10,-1.73E-08
ONCG0XL-40N09-0R6,INITIAL,0,22/04/25,DE,1,173.4437,MO,22/04/25,non-digital,Direct,(direct),(none),(not set),0.076207097,1.00E-05,7.62E-07,0.138453351,5.50E-06,0.000954664
ONCG0XL-40N09-0R6,UPDATE,0,22/04/25,DE,-1,-173.4437,MO,22/04/25,non-digital,Direct,(direct),(none),(not set),0.076207097,1.00E-05,7.62E-07,0.138453351,-5.50E-06,-0.000954664
ONPZ7AA-44N31-0P1,INITIAL,0,24/04/25,DE,1,173.4437,MO,04/04/25,non-digital,MO_Returning Sampled,mo_returning sampled,mo_returning sampled,mo_returning sampled,0.138452589,1,0.138452589,0.138453351,0.999994496,173.4427453
ONPZ7AA-44N31-0P1,INITIAL,0,24/04/25,DE,1,173.4437,MO,22/04/25,non-digital,MO_Returning Sampled,mo_returning sampled,mo_returning sampled,mo_returning sampled,0.138452589,1.00E-10,1.38E-11,0.138453351,1.00E-10,1.73E-08
ONPZ7AA-44N31-0P1,INITIAL,0,24/04/25,DE,1,173.4437,MO,22/04/25,non-digital,Direct,(direct),(none),(not set),0.076207097,1.00E-05,7.62E-07,0.138453351,5.50E-06,0.000954664
ONZE1RK-42K27-2R5,INITIAL,0,25/06/25,DE,1,220.2596,WB,25/06/25,desktop,Paid Search - Brand,google,cpc,Brand-DE-DE-SEARCH-NP,0.117729176,1,0.117729176,0.117729176,1,220.2596
ONCV2FJ-50C86-9C4,INITIAL,0,23/01/26,US,1,153.51,MO,16/01/26,desktop,MO_Returning Sampled,mo_returning sampled,mo_returning sampled,mo_returning sampled,0.024520731,1,0.024520731,0.024520731,1,153.51
ONCV2FJ-50C86-9C4,INITIAL,0,23/01/26,US,1,153.51,MO,22/01/26,desktop,MO_Returning Sampled,mo_returning sampled,mo_returning sampled,mo_returning sampled,0.024520731,1.00E-10,2.45E-12,0.024520731,1.00E-10,1.54E-08
ONJP4TM-52Q72-4K7,INITIAL,0,18/03/26,US,1,237.7,WB,13/03/26,desktop,MO_Returning Sampled,mo_returning sampled,mo_returning sampled,mo_returning sampled,0.024520731,1.00E-10,2.45E-12,0.008024967,3.06E-10,7.26E-08
ONJP4TM-52Q72-4K7,INITIAL,0,18/03/26,US,1,237.7,WB,17/03/26,desktop,Social Media,facebook,padi_social,US-EN-manual-pens-MOintegratedcampaign-meta,0.008024967,1,0.008024967,0.008024967,1,237.6999999
ONTK5NK-39Z52-5U6,INITIAL,0,18/11/25,DE,1,281.37,WB,18/11/25,desktop,Paid Search - Brand,google,cpc,Brand-DE-DE-SEARCH-NP,0.117729176,1,0.117729176,0.117729176,1,281.37
ONAG7WL-79S97-3B5,INITIAL,0,22/04/25,DE,1,179.6587,WB,18/04/25,desktop,Paid Search - NonBrand,google,cpc,NB-DE-DE-Writing-Pens,0.073522569,1,0.073522569,0.073525617,0.999958546,179.6512524
ONAG7WL-79S97-3B5,INITIAL,0,22/04/25,DE,1,179.6587,WB,22/04/25,desktop,Direct,(direct),(none),(not set),0.304792927,1.00E-05,3.05E-06,0.073525617,4.15E-05,0.007447568
ONIX0YJ-82E14-4Y1,INITIAL,0,11/02/26,US,1,526.74,WB,23/01/26,desktop,MO_Returning Non-Sampled,mo_returning non-sampled,mo_returning non-sampled,mo_returning non-sampled,0.016495765,1.00E-10,1.65E-12,0.060187249,2.74E-11,1.44E-08
ONIX0YJ-82E14-4Y1,INITIAL,0,11/02/26,US,1,526.74,WB,11/02/26,desktop,Paid Search - NonBrand,google,cpc,NB-Competitor,0.060187249,1,0.060187249,0.060187249,1,526.74
ONHU7IQ-44P67-4I4,INITIAL,0,23/07/25,US,1,139.94,MO,04/07/25,desktop,MO_Returning Sampled,mo_returning sampled,mo_returning sampled,mo_returning sampled,0.024520731,1.00E-10,2.45E-12,0.024520731,1.00E-10,1.40E-08
ONHU7IQ-44P67-4I4,INITIAL,0,23/07/25,US,1,139.94,MO,04/07/25,desktop,MO_Returning Non-Sampled,mo_returning non-sampled,mo_returning non-sampled,mo_returning non-sampled,0.016495765,1.00E-10,1.65E-12,0.024520731,6.73E-11,9.41E-09
ONHU7IQ-44P67-4I4,INITIAL,0,23/07/25,US,1,139.94,MO,11/07/25,desktop,MO_Returning Sampled,mo_returning sampled,mo_returning sampled,mo_returning sampled,0.024520731,1,0.024520731,0.024520731,1,139.94
ONHU7IQ-44P67-4I4,INITIAL,0,23/07/25,US,1,139.94,MO,11/07/25,desktop,MO_Returning Non-Sampled,mo_returning non-sampled,mo_returning non-sampled,mo_returning non-sampled,0.016495765,1.00E-10,1.65E-12,0.024520731,6.73E-11,9.41E-09
ONHU7IQ-44P67-4I4,INITIAL,0,23/07/25,US,1,139.94,MO,23/07/25,desktop,MO_Returning Sampled,mo_returning sampled,mo_returning sampled,mo_returning sampled,0.024520731,1.00E-10,2.45E-12,0.024520731,1.00E-10,1.40E-08
ONLY1TJ-34C07-0N6,INITIAL,0,20/04/26,US,1,0,TM,20/04/26,non-digital,TM_CRM,tm_crm,tm_crm,tm_crm,0.134597156,1,0.134597156,0.134597156,1,0
ONWB8GL-71B20-6B7,INITIAL,0,20/04/26,US,1,0,TM,20/04/26,non-digital,TM_CRM,tm_crm,tm_crm,tm_crm,0.134597156,1,0.134597156,0.134597156,1,0
ONUA8CT-61O78-8N8,INITIAL,0,22/09/25,CA,1,326.808,MO,19/09/25,non-digital,MO_Returning Sampled,mo_returning sampled,mo_returning sampled,mo_returning sampled,0.078291815,1.00E-10,7.83E-12,7.83E-12,1,326.808
ONEU3NF-63M87-7G2,INITIAL,0,02/04/26,US,1,457.39,WB,02/04/26,non-digital,WEB INBOUND,web_inbound,web_inbound,web_inbound,0.077251185,1,0.077251185,0.077251185,1,457.39
ONYW3KP-73V66-9V7,INITIAL,0,29/09/25,GB,1,222.0967,WB,29/09/25,non-digital,WEB INBOUND,web_inbound,web_inbound,web_inbound,0.144902635,1,0.144902635,0.349942726,0.414075286,91.96475466
ONYW3KP-73V66-9V7,INITIAL,0,29/09/25,GB,1,222.0967,WB,29/09/25,non-digital,TM_OTHERS,tm_others,tm_others,tm_others,0.205040092,1,0.205040092,0.349942726,0.585924714,130.1319453
ONCD5YU-24R10-4Q3,INITIAL,0,23/03/26,DE,1,745.2124,WB,19/03/26,non-digital,TM_OTHERS,tm_others,tm_others,tm_others,0.163467132,1,0.163467132,0.250727167,0.651972158,485.8577364
ONCD5YU-24R10-4Q3,INITIAL,0,23/03/26,DE,1,745.2124,WB,23/03/26,non-digital,WEB INBOUND,web_inbound,web_inbound,web_inbound,0.087260035,1,0.087260035,0.250727167,0.348027842,259.3546636
ONOQ5CK-49K18-7N8,INITIAL,0,07/10/25,US,1,267.07,WB,06/10/25,non-digital,TM_OTHERS,tm_others,tm_others,tm_others,0.213270142,1,0.213270142,0.290521327,0.734094617,196.0546493
ONOQ5CK-49K18-7N8,INITIAL,0,07/10/25,US,1,267.07,WB,07/10/25,non-digital,WEB INBOUND,web_inbound,web_inbound,web_inbound,0.077251185,1,0.077251185,0.290521327,0.265905383,71.01535073
ONPK4UY-72O21-3I3,INITIAL,0,10/11/25,US,1,243.84,WB,13/10/25,desktop,Email Web Push,email,webpush,20251013_US_CalendarsandPlanners,0.064199733,1,0.064199733,0.064203112,0.999947364,243.8271652
ONPK4UY-72O21-3I3,INITIAL,0,10/11/25,US,1,243.84,WB,24/10/25,desktop,MO_Returning Non-Sampled,mo_returning non-sampled,mo_returning non-sampled,mo_returning non-sampled,0.016495765,1.00E-10,1.65E-12,0.064203112,2.57E-11,6.27E-09
ONPK4UY-72O21-3I3,INITIAL,0,10/11/25,US,1,243.84,WB,10/11/25,desktop,Direct,(direct),(none),(not set),0.337940259,1.00E-05,3.38E-06,0.064203112,5.26E-05,0.012834791
ONCL9VZ-90L14-7F3,INITIAL,0,25/09/25,FR,1,526.5687,MO,19/09/25,desktop,MO_Acquisition,mo_acquisition,mo_acquisition,mo_acquisition,0.003943909,1,0.003943909,0.003943909,1,526.5686999
ONCL9VZ-90L14-7F3,INITIAL,0,25/09/25,FR,1,526.5687,MO,25/09/25,desktop,MO_Acquisition,mo_acquisition,mo_acquisition,mo_acquisition,0.003943909,1.00E-10,3.94E-13,0.003943909,1.00E-10,5.27E-08
ONVU1RL-85I19-0G7,INITIAL,0,12/11/25,CA,1,187.848,MO,12/11/25,non-digital,MO_Returning Sampled,mo_returning sampled,mo_returning sampled,mo_returning sampled,0.078291815,1,0.078291815,0.078291815,1,187.848
ONBB4FB-08E50-1T8,INITIAL,0,02/12/25,US,1,247.98,WB,02/12/25,desktop,Paid Search - NonBrand,google,cpc,NB-Writing-Pens,0.060187249,1,0.060187249,0.060187713,0.999992296,247.9780897
ONBB4FB-08E50-1T8,INITIAL,0,02/12/25,US,1,247.98,WB,02/12/25,desktop,EMAIL_TX,email,art_review,logo_modified_us,0.046366473,1.00E-05,4.64E-07,0.060187713,7.70E-06,0.00191035
ONDZ3ZA-57D26-4I8,INITIAL,0,02/04/25,US,1,391.5,TM,01/04/25,non-digital,TM_TA,tm_ta,tm_ta,tm_ta,0.055924171,1,0.055924171,0.055924171,1,391.5
ONDZ3ZA-57D26-4I8,INITIAL,0,01/04/25,US,1,68.94,TM,01/04/25,non-digital,TM_TA,tm_ta,tm_ta,tm_ta,0.055924171,1,0.055924171,0.055924171,1,68.94
ONVC1GB-11V71-0H7,INITIAL,0,10/12/25,US,1,548.95,TM,10/12/25,non-digital,TM_OTHERS,tm_others,tm_others,tm_others,0.213270142,1,0.213270142,0.213270142,1,548.95
ONLJ4KL-13S29-1O8,INITIAL,0,24/02/26,US,1,793.65,WB,06/02/26,desktop,MO_Returning Sampled,mo_returning sampled,mo_returning sampled,mo_returning sampled,0.024520731,1.00E-10,2.45E-12,3.38E-06,7.26E-07,0.000575867
ONLJ4KL-13S29-1O8,INITIAL,0,24/02/26,US,1,793.65,WB,24/02/26,desktop,Direct,(direct),(none),(not set),0.337940259,1.00E-05,3.38E-06,3.38E-06,0.999999274,793.6494241
ONUE3LU-60X54-2F9,INITIAL,0,09/06/25,US,1,721.19,TM,23/05/25,non-digital,MO_Returning Sampled,mo_returning sampled,mo_returning sampled,mo_returning sampled,0.073459716,1,0.073459716,0.118009479,0.62248996,448.9335341
ONUE3LU-60X54-2F9,INITIAL,0,09/06/25,US,1,721.19,TM,30/05/25,non-digital,MO_Returning Sampled,mo_returning sampled,mo_returning sampled,mo_returning sampled,0.073459716,1.00E-10,7.35E-12,0.118009479,6.22E-11,4.49E-08
ONUE3LU-60X54-2F9,INITIAL,0,09/06/25,US,1,721.19,TM,04/06/25,non-digital,TM_LEAD,tm_lead,tm_lead,tm_lead,0.044549763,1,0.044549763,0.118009479,0.37751004,272.2564658
ONUE3LU-60X54-2F9,INITIAL,0,09/06/25,US,1,721.19,TM,06/06/25,non-digital,MO_Returning Non-Sampled,mo_returning non-sampled,mo_returning non-sampled,mo_returning non-sampled,0.092417062,1.00E-10,9.24E-12,0.118009479,7.83E-11,5.65E-08
ONDT1FJ-00B53-6G2,INITIAL,0,21/07/25,US,1,1074.07,MO,11/07/25,non-digital,MO_Returning Sampled,mo_returning sampled,mo_returning sampled,mo_returning sampled,0.073459716,1,0.073459716,0.073459716,1,1074.07
ONWH1RX-86D11-4X0,INITIAL,0,02/04/25,US,1,221.85,WB,31/03/25,desktop,Paid Search - NonBrand,google,cpc,NB-Writing-Pens,0.060187249,1,0.060187249,0.060187713,0.999992296,221.8482909
ONWH1RX-86D11-4X0,INITIAL,0,02/04/25,US,1,221.85,WB,02/04/25,desktop,EMAIL_TX,email,art_review,logo_unchanged_us,0.046366473,1.00E-05,4.64E-07,0.060187713,7.70E-06,0.001709054
ONGQ2CP-53C50-7E7,INITIAL,0,15/07/25,US,1,289.69,WB,15/07/25,non-digital,WEB INBOUND,web_inbound,web_inbound,web_inbound,0.077251185,1,0.077251185,0.290521327,0.265905383,77.03013051
ONGQ2CP-53C50-7E7,INITIAL,0,15/07/25,US,1,289.69,WB,15/07/25,non-digital,TM_OTHERS,tm_others,tm_others,tm_others,0.213270142,1,0.213270142,0.290521327,0.734094617,212.6598695
ONSC5HC-02L17-1P2,INITIAL,0,23/01/26,US,1,141.74,WB,22/01/26,desktop,MO_Returning Sampled,mo_returning sampled,mo_returning sampled,mo_returning sampled,0.024520731,1.00E-10,2.45E-12,0.067766384,3.62E-11,5.13E-09
ONSC5HC-02L17-1P2,INITIAL,0,23/01/26,US,1,141.74,WB,23/01/26,desktop,Paid Search - Brand,bing,cpc,Brand-US-T2-General,0.067766384,1,0.067766384,0.067766384,1,141.74
ONLU8QC-97B08-7L3,INITIAL,0,15/12/25,US,1,127.91,WB,15/12/25,non-digital,No-Match,no-match,no-match,no-match,0.006635071,1.00E-05,6.64E-08,6.64E-08,1,127.91
ONMI7PN-38M03-2P5,INITIAL,0,06/11/25,US,1,249.32,WB,06/11/25,non-digital,No-Match,no-match,no-match,no-match,0.006635071,1.00E-05,6.64E-08,6.64E-08,1,249.32
ONJY1LE-62J68-4O2,INITIAL,0,01/12/25,CA,1,212.04,WB,07/11/25,mobile,MO_Returning Non-Sampled,mo_returning non-sampled,mo_returning non-sampled,mo_returning non-sampled,0.015173945,1.00E-10,1.52E-12,0.16913611,8.97E-12,1.90E-09
ONJY1LE-62J68-4O2,INITIAL,0,01/12/25,CA,1,212.04,WB,01/12/25,mobile,Email POC,email,poc,20251201_CA_3PD_PYM_C,0.169133975,1,0.169133975,0.16913611,0.999987374,212.0373229
ONJY1LE-62J68-4O2,INITIAL,0,01/12/25,CA,1,212.04,WB,01/12/25,mobile,Direct,(direct),(none),(not set),0.213545522,1.00E-05,2.14E-06,0.16913611,1.26E-05,0.002677145
ONRY7KO-69J29-9J7,INITIAL,0,13/02/26,US,1,82.79,MO,23/01/26,non-digital,MO_Returning Non-Sampled,mo_returning non-sampled,mo_returning non-sampled,mo_returning non-sampled,0.092417062,1,0.092417062,0.092417062,1,82.79
ONUJ3QB-04A38-8K7,INITIAL,0,05/08/25,US,1,145.3,MO,11/07/25,non-digital,MO_Returning Non-Sampled,mo_returning non-sampled,mo_returning non-sampled,mo_returning non-sampled,0.092417062,1,0.092417062,0.227014218,0.407098121,59.15135699
ONUJ3QB-04A38-8K7,INITIAL,0,05/08/25,US,1,145.3,MO,01/08/25,non-digital,TM_CRM,tm_crm,tm_crm,tm_crm,0.134597156,1,0.134597156,0.227014218,0.592901879,86.14864301
ONPW3TW-61B58-4I3,INITIAL,0,25/05/26,US,1,65.49,WB,22/05/26,mobile,MO_Returning Non-Sampled,mo_returning non-sampled,mo_returning non-sampled,mo_returning non-sampled,0.017387944,1.00E-10,1.74E-12,0.057573416,3.02E-11,1.98E-09
ONPW3TW-61B58-4I3,INITIAL,0,25/05/26,US,1,65.49,WB,25/05/26,mobile,Paid Search - Shopping,google,cpc,Shopping-Pens,0.057573416,1,0.057573416,0.057573416,1,65.49
ONFR4OT-59K34-4V2,INITIAL,0,30/04/25,US,1,304.94,MO,11/04/25,desktop,MO_Returning Non-Sampled,mo_returning non-sampled,mo_returning non-sampled,mo_returning non-sampled,0.016495765,1,0.016495765,0.016495765,1,304.9399999
ONFR4OT-59K34-4V2,INITIAL,0,30/04/25,US,1,304.94,MO,11/04/25,desktop,MO_Returning Non-Sampled,mo_returning non-sampled,mo_returning non-sampled,mo_returning non-sampled,0.016495765,1.00E-10,1.65E-12,0.016495765,1.00E-10,3.05E-08
ONFR4OT-59K34-4V2,INITIAL,0,30/04/25,US,1,304.94,MO,25/04/25,desktop,MO_Returning Sampled,mo_returning sampled,mo_returning sampled,mo_returning sampled,0.024520731,1.00E-10,2.45E-12,0.016495765,1.49E-10,4.53E-08
ONFR4OT-59K34-4V2,INITIAL,0,30/04/25,US,1,304.94,MO,30/04/25,desktop,MO_Returning Non-Sampled,mo_returning non-sampled,mo_returning non-sampled,mo_returning non-sampled,0.016495765,1.00E-10,1.65E-12,0.016495765,1.00E-10,3.05E-08
ONGK4OD-26V68-3B3,INITIAL,0,07/05/25,US,1,356.83,WB,11/04/25,desktop,MO_Returning Non-Sampled,mo_returning non-sampled,mo_returning non-sampled,mo_returning non-sampled,0.016495765,1.00E-10,1.65E-12,0.064199733,2.57E-11,9.17E-09
ONGK4OD-26V68-3B3,INITIAL,0,07/05/25,US,1,356.83,WB,25/04/25,desktop,MO_Returning Sampled,mo_returning sampled,mo_returning sampled,mo_returning sampled,0.024520731,1.00E-10,2.45E-12,0.064199733,3.82E-11,1.36E-08
ONGK4OD-26V68-3B3,INITIAL,0,07/05/25,US,1,356.83,WB,30/04/25,desktop,MO_Returning Non-Sampled,mo_returning non-sampled,mo_returning non-sampled,mo_returning non-sampled,0.016495765,1.00E-10,1.65E-12,0.064199733,2.57E-11,9.17E-09
ONGK4OD-26V68-3B3,INITIAL,0,07/05/25,US,1,356.83,WB,07/05/25,desktop,Email Web Push,email,webpush,20250507_US_WarmWeatherApparel_SBW,0.064199733,1,0.064199733,0.064199733,1,356.83
ONWC6SO-08A92-9B9,INITIAL,0,07/05/25,US,1,600.19,MO,11/04/25,non-digital,MO_Returning Non-Sampled,mo_returning non-sampled,mo_returning non-sampled,mo_returning non-sampled,0.092417062,1,0.092417062,0.092417062,1,600.1899999
ONWC6SO-08A92-9B9,INITIAL,0,07/05/25,US,1,600.19,MO,18/04/25,non-digital,MO_Returning Non-Sampled,mo_returning non-sampled,mo_returning non-sampled,mo_returning non-sampled,0.092417062,1.00E-10,9.24E-12,0.092417062,1.00E-10,6.00E-08
ONWC6SO-08A92-9B9,INITIAL,0,07/05/25,US,1,600.19,MO,25/04/25,non-digital,MO_Returning Sampled,mo_returning sampled,mo_returning sampled,mo_returning sampled,0.073459716,1.00E-10,7.35E-12,0.092417062,7.95E-11,4.77E-08
ONTU8OI-92H47-9F2,INITIAL,0,20/09/25,US,1,108.1,WB,20/09/25,desktop,Paid Search - Shopping,google,cpc,Shopping-Pens,0.036558181,1,0.036558181,0.036558181,1,108.1
ONOT8BD-08X86-7Y0,INITIAL,0,05/09/25,US,1,367.84,MO,29/08/25,desktop,MO_Acquisition,mo_acquisition,mo_acquisition,mo_acquisition,0.005349978,1,0.005349978,0.005349978,1,367.8399999
ONOT8BD-08X86-7Y0,INITIAL,0,05/09/25,US,1,367.84,MO,05/09/25,desktop,MO_Returning Non-Sampled,mo_returning non-sampled,mo_returning non-sampled,mo_returning non-sampled,0.016495765,1.00E-10,1.65E-12,0.005349978,3.08E-10,1.13E-07
ONOT8BD-08X86-7Y0,INITIAL,0,05/09/25,US,1,367.84,MO,05/09/25,desktop,MO_Acquisition,mo_acquisition,mo_acquisition,mo_acquisition,0.005349978,1.00E-10,5.35E-13,0.005349978,1.00E-10,3.68E-08
ONJP9GD-87O91-1R8,INITIAL,0,31/03/26,US,1,960.6,TM,17/03/26,non-digital,TM_CRM,tm_crm,tm_crm,tm_crm,0.134597156,1,0.134597156,0.134597156,1,960.6
ONNL5YP-80V77-7Z7,UPDATE,0,01/04/25,US,-1,-50.25,TM,01/04/25,non-digital,TM_OTHERS,tm_others,tm_others,tm_others,0.213270142,1,0.213270142,0.213270142,-1,-50.25
ONNL5YP-80V77-7Z7,INITIAL,0,01/04/25,US,1,408.94,TM,01/04/25,non-digital,TM_OTHERS,tm_others,tm_others,tm_others,0.213270142,1,0.213270142,0.213270142,1,408.94
ONOG4UY-27U96-1X7,UPDATE,0,05/02/26,US,-1,-807.65,TM,29/01/26,non-digital,TM_TA,tm_ta,tm_ta,tm_ta,0.055924171,1,0.055924171,0.055924171,-1,-807.6499999
ONOG4UY-27U96-1X7,INITIAL,0,02/02/26,US,1,807.65,TM,29/01/26,non-digital,TM_TA,tm_ta,tm_ta,tm_ta,0.055924171,1,0.055924171,0.055924171,1,807.6499999
ONOG4UY-27U96-1X7,INITIAL,0,02/02/26,US,1,807.65,TM,30/01/26,non-digital,MO_Returning Sampled,mo_returning sampled,mo_returning sampled,mo_returning sampled,0.073459716,1.00E-10,7.35E-12,0.055924171,1.31E-10,1.06E-07
ONOG4UY-27U96-1X7,UPDATE,0,05/02/26,US,-1,-807.65,TM,30/01/26,non-digital,MO_Returning Sampled,mo_returning sampled,mo_returning sampled,mo_returning sampled,0.073459716,1.00E-10,7.35E-12,0.055924171,-1.31E-10,-1.06E-07
ONRI5UR-67B24-5X9,INITIAL,0,05/02/26,US,1,744.07,TM,29/01/26,non-digital,TM_TA,tm_ta,tm_ta,tm_ta,0.055924171,1,0.055924171,0.055924171,1,744.0699999
ONRI5UR-67B24-5X9,INITIAL,0,05/02/26,US,1,744.07,TM,30/01/26,non-digital,MO_Returning Sampled,mo_returning sampled,mo_returning sampled,mo_returning sampled,0.073459716,1.00E-10,7.35E-12,0.055924171,1.31E-10,9.77E-08
ONYB4XW-08Z11-2X5,INITIAL,0,04/08/25,US,1,1259.44,WB,18/07/25,desktop,MO_Returning Sampled,mo_returning sampled,mo_returning sampled,mo_returning sampled,0.024520731,1.00E-10,2.45E-12,4.64E-07,5.29E-06,0.006660465
ONYB4XW-08Z11-2X5,INITIAL,0,04/08/25,US,1,1259.44,WB,04/08/25,desktop,EMAIL_TX,email,transactional,NPC_ShipConfirmation_estore,0.046366473,1.00E-05,4.64E-07,4.64E-07,0.999994712,1259.43334
ONGI6LE-66Z91-0O1,INITIAL,0,09/07/25,US,1,205.32,WB,09/07/25,non-digital,WEB INBOUND,web_inbound,web_inbound,web_inbound,0.077251185,1,0.077251185,0.081990521,0.942196532,193.4517919
ONGI6LE-66Z91-0O1,INITIAL,0,09/07/25,US,1,205.32,WB,09/07/25,non-digital,WEB CHAT,web_chat,web_chat,web_chat,0.004739336,1,0.004739336,0.081990521,0.057803468,11.86820809
ONDV1VI-42K01-2P6,INITIAL,0,17/10/25,US,1,471.17,WB,10/10/25,desktop,MO_Returning Sampled,mo_returning sampled,mo_returning sampled,mo_returning sampled,0.024520731,1.00E-10,2.45E-12,3.38E-06,7.26E-07,0.000341878
ONDV1VI-42K01-2P6,INITIAL,0,17/10/25,US,1,471.17,WB,17/10/25,desktop,Direct,(direct),(none),(not set),0.337940259,1.00E-05,3.38E-06,3.38E-06,0.999999274,471.1696581
ONXI3QV-71N96-3F6,INITIAL,0,12/11/25,DE,1,118.0737,MO,17/10/25,non-digital,MO_Returning Sampled,mo_returning sampled,mo_returning sampled,mo_returning sampled,0.138452589,1,0.138452589,0.138452589,1,118.0737
ONNS5NN-12X93-1O1,INITIAL,0,19/12/25,GB,1,154.2667,WB,17/12/25,non-digital,TM_OTHERS,tm_others,tm_others,tm_others,0.205040092,1,0.205040092,0.554982818,0.369453044,56.99430196
ONNS5NN-12X93-1O1,INITIAL,0,19/12/25,GB,1,154.2667,WB,19/12/25,non-digital,WEB INBOUND,web_inbound,web_inbound,web_inbound,0.144902635,1,0.144902635,0.554982818,0.261093911,40.27809608
ONNS5NN-12X93-1O1,INITIAL,0,19/12/25,GB,1,154.2667,WB,19/12/25,non-digital,TM_OTHERS,tm_others,tm_others,tm_others,0.205040092,1,0.205040092,0.554982818,0.369453044,56.99430196
ONOR8RZ-58A07-8K9,INITIAL,0,21/07/25,GB,1,144.6907,TM,18/07/25,non-digital,TM_TA,tm_ta,tm_ta,tm_ta,0.096792669,1,0.096792669,0.096792669,1,144.6907
ONER7UM-78K47-6S5,INITIAL,0,13/02/26,DE,1,157.6237,WB,06/02/26,desktop,MO_Returning Non-Sampled,mo_returning non-sampled,mo_returning non-sampled,mo_returning non-sampled,0.013494649,1,0.013494649,0.01349805,0.999747995,157.583978
ONER7UM-78K47-6S5,INITIAL,0,13/02/26,DE,1,157.6237,WB,13/02/26,desktop,Direct,(direct),(none),(not set),0.304792927,1.00E-05,3.05E-06,0.01349805,0.000225805,0.035592243
ONER7UM-78K47-6S5,INITIAL,0,13/02/26,DE,1,157.6237,WB,13/02/26,desktop,EMAIL_TX,email,art_review,logo_not_modified_de,0.035365286,1.00E-05,3.54E-07,0.01349805,2.62E-05,0.004129787
13951356,INITIAL,0,09/01/26,US,1,1017.28,TM,02/01/26,non-digital,MO_Returning Sampled,mo_returning sampled,mo_returning sampled,mo_returning sampled,0.073459716,1.00E-10,7.35E-12,0.055924171,1.31E-10,1.34E-07
13951356,INITIAL,0,09/01/26,US,1,1017.28,TM,08/01/26,non-digital,TM_TA,tm_ta,tm_ta,tm_ta,0.055924171,1,0.055924171,0.055924171,1,1017.28
13951356,INITIAL,0,09/01/26,US,1,1017.28,TM,09/01/26,non-digital,MO_Returning Non-Sampled,mo_returning non-sampled,mo_returning non-sampled,mo_returning non-sampled,0.092417062,1.00E-10,9.24E-12,0.055924171,1.65E-10,1.68E-07
ONIZ4SO-87O12-4F5,INITIAL,0,21/05/25,US,1,269.38,WB,09/05/25,non-digital,MO_Returning Sampled,mo_returning sampled,mo_returning sampled,mo_returning sampled,0.073459716,1.00E-10,7.35E-12,7.35E-12,1,269.38
ONNC9IB-20O99-1W2,INITIAL,0,09/05/25,CA,1,324.684,WB,05/05/25,non-digital,TM_OTHERS,tm_others,tm_others,tm_others,0.214539909,1,0.214539909,0.263345196,0.814671815,264.5109035
ONNC9IB-20O99-1W2,INITIAL,0,09/05/25,CA,1,324.684,WB,09/05/25,non-digital,WEB INBOUND,web_inbound,web_inbound,web_inbound,0.048805287,1,0.048805287,0.263345196,0.185328185,60.17309653
ONOI3RP-12O27-4P3,UPDATE,0,08/05/25,CA,-1,-324.684,WB,05/05/25,non-digital,TM_OTHERS,tm_others,tm_others,tm_others,0.214539909,1,0.214539909,0.263345196,-0.814671815,-264.5109035
ONOI3RP-12O27-4P3,INITIAL,0,08/05/25,CA,1,324.684,WB,05/05/25,non-digital,TM_OTHERS,tm_others,tm_others,tm_others,0.214539909,1,0.214539909,0.263345196,0.814671815,264.5109035
ONOI3RP-12O27-4P3,UPDATE,0,08/05/25,CA,-1,-324.684,WB,08/05/25,non-digital,WEB INBOUND,web_inbound,web_inbound,web_inbound,0.048805287,1,0.048805287,0.263345196,-0.185328185,-60.17309653
ONOI3RP-12O27-4P3,INITIAL,0,08/05/25,CA,1,324.684,WB,08/05/25,non-digital,WEB INBOUND,web_inbound,web_inbound,web_inbound,0.048805287,1,0.048805287,0.263345196,0.185328185,60.17309653
ONVJ3KY-85O92-5G9,INITIAL,0,04/02/26,CA,1,357.084,TM,30/01/26,non-digital,MO_Returning Sampled,mo_returning sampled,mo_returning sampled,mo_returning sampled,0.078291815,1.00E-10,7.83E-12,0.092018302,8.51E-11,3.04E-08
ONVJ3KY-85O92-5G9,INITIAL,0,04/02/26,CA,1,357.084,TM,03/02/26,non-digital,TM_TA,tm_ta,tm_ta,tm_ta,0.092018302,1,0.092018302,0.092018302,1,357.084
ONBX0DV-44N11-8Y0,INITIAL,0,26/06/25,US,1,178.19,MO,06/06/25,non-digital,MO_Returning Non-Sampled,mo_returning non-sampled,mo_returning non-sampled,mo_returning non-sampled,0.092417062,1,0.092417062,0.305687204,0.302325581,53.87139535
ONBX0DV-44N11-8Y0,INITIAL,0,26/06/25,US,1,178.19,MO,26/06/25,non-digital,TM_OTHERS,tm_others,tm_others,tm_others,0.213270142,1,0.213270142,0.305687204,0.697674419,124.3186047
ONPL8ZW-60T60-3W1,INITIAL,0,26/06/25,US,1,157.49,MO,30/05/25,non-digital,MO_Returning Non-Sampled,mo_returning non-sampled,mo_returning non-sampled,mo_returning non-sampled,0.092417062,1,0.092417062,0.305687204,0.302325581,47.61325581
ONPL8ZW-60T60-3W1,INITIAL,0,26/06/25,US,1,157.49,MO,06/06/25,non-digital,MO_Returning Non-Sampled,mo_returning non-sampled,mo_returning non-sampled,mo_returning non-sampled,0.092417062,1.00E-10,9.24E-12,0.305687204,3.02E-11,4.76E-09
ONPL8ZW-60T60-3W1,INITIAL,0,26/06/25,US,1,157.49,MO,26/06/25,non-digital,TM_OTHERS,tm_others,tm_others,tm_others,0.213270142,1,0.213270142,0.305687204,0.697674419,109.8767442
ONBQ0UQ-19U41-7T9,INITIAL,0,30/09/25,US,1,457.07,WB,22/09/25,desktop,Email Web Push,email,webpush,20250922_US_September_LimitedTimeOffer,0.064199733,1,0.064199733,0.091395453,0.702439024,321.0638049
ONBQ0UQ-19U41-7T9,INITIAL,0,30/09/25,US,1,457.07,WB,26/09/25,desktop,MO_Returning Sampled,mo_returning sampled,mo_returning sampled,mo_returning sampled,0.024520731,1.00E-10,2.45E-12,0.091395453,2.68E-11,1.23E-08
ONBQ0UQ-19U41-7T9,INITIAL,0,30/09/25,US,1,457.07,WB,30/09/25,desktop,Organic Search,bing,organic,(organic),0.02719572,1,0.02719572,0.091395453,0.297560976,136.0061951
ONOQ5WW-94D27-9K3,INITIAL,0,16/12/25,US,1,245.69,MO,16/12/25,desktop,MO_Returning Sampled,mo_returning sampled,mo_returning sampled,mo_returning sampled,0.024520731,1.00E-10,2.45E-12,2.45E-12,1,245.69
ONEH4PB-29X50-5K5,INITIAL,0,09/04/25,US,1,100.94,MO,09/04/25,non-digital,MO_Returning Sampled,mo_returning sampled,mo_returning sampled,mo_returning sampled,0.073459716,1,0.073459716,0.073459716,1,100.94
ONKG2VT-29W36-8K9,INITIAL,0,08/12/25,US,1,652.45,TM,04/12/25,non-digital,TM_CRM,tm_crm,tm_crm,tm_crm,0.134597156,1,0.134597156,0.134597156,1,652.45
ONNT0KR-27N34-4Z1,UPDATE,0,04/11/25,US,-1,-1059.69,MO,10/10/25,non-digital,MO_Returning Non-Sampled,mo_returning non-sampled,mo_returning non-sampled,mo_returning non-sampled,0.092417062,1,0.092417062,0.227014218,-0.407098121,-431.3978079
ONNT0KR-27N34-4Z1,INITIAL,0,03/11/25,US,1,1059.69,MO,10/10/25,non-digital,MO_Returning Non-Sampled,mo_returning non-sampled,mo_returning non-sampled,mo_returning non-sampled,0.092417062,1,0.092417062,0.092417062,1,1059.69
ONNT0KR-27N34-4Z1,UPDATE,0,04/11/25,US,-1,-1059.69,MO,04/11/25,non-digital,TM_CRM,tm_crm,tm_crm,tm_crm,0.134597156,1,0.134597156,0.227014218,-0.592901879,-628.2921921
ONXK7JG-04X93-2M1,INITIAL,0,30/04/25,CA,1,4641.804,WB,04/04/25,desktop,MO_Returning Sampled,mo_returning sampled,mo_returning sampled,mo_returning sampled,0.04845447,1.00E-10,4.85E-12,2.99E-06,1.62E-06,0.007530747
ONXK7JG-04X93-2M1,INITIAL,0,30/04/25,CA,1,4641.804,WB,29/04/25,desktop,Direct,(direct),(none),(not set),0.298663325,1.00E-05,2.99E-06,2.99E-06,0.999998378,4641.796469
ONYY8RU-82Y14-3L7,INITIAL,0,26/08/25,US,1,4410.74,TM,15/08/25,non-digital,MO_Returning Sampled,mo_returning sampled,mo_returning sampled,mo_returning sampled,0.073459716,1.00E-10,7.35E-12,0.044549763,1.65E-10,7.27E-07
ONYY8RU-82Y14-3L7,INITIAL,0,26/08/25,US,1,4410.74,TM,26/08/25,non-digital,TM_LEAD,tm_lead,tm_lead,tm_lead,0.044549763,1,0.044549763,0.044549763,1,4410.739999
ONYW4WE-72B66-1S1,INITIAL,0,02/09/25,US,1,160.16,WB,02/09/25,desktop,Paid Search - NonBrand,google,cpc,NB-Writing-Pens,0.060187249,1,0.060187249,0.060187249,1,160.16
ONBO5TS-86Q28-7C5,INITIAL,0,07/02/26,US,1,366.13,WB,06/02/26,mobile,Paid Search - Brand,google,cpc,Brand-US-Pens-T1-Pure,0.041731066,1,0.041731066,0.04173359,0.999939541,366.107864
ONBO5TS-86Q28-7C5,INITIAL,0,07/02/26,US,1,366.13,WB,06/02/26,mobile,Direct,(direct),(none),(not set),0.252318393,1.00E-05,2.52E-06,0.04173359,6.05E-05,0.022135966
13856383,INITIAL,0,10/06/25,US,1,0.01,TM,30/05/25,non-digital,MO_Returning Sampled,mo_returning sampled,mo_returning sampled,mo_returning sampled,0.073459716,1.00E-10,7.35E-12,1.66E-11,0.442857143,0.004428571
13856383,INITIAL,0,10/06/25,US,1,0.01,TM,06/06/25,non-digital,MO_Returning Non-Sampled,mo_returning non-sampled,mo_returning non-sampled,mo_returning non-sampled,0.092417062,1.00E-10,9.24E-12,1.66E-11,0.557142857,0.005571429
13856405,INITIAL,0,10/06/25,US,1,0.01,TM,30/05/25,non-digital,MO_Returning Sampled,mo_returning sampled,mo_returning sampled,mo_returning sampled,0.073459716,1.00E-10,7.35E-12,1.66E-11,0.442857143,0.004428571
13856405,INITIAL,0,10/06/25,US,1,0.01,TM,06/06/25,non-digital,MO_Returning Non-Sampled,mo_returning non-sampled,mo_returning non-sampled,mo_returning non-sampled,0.092417062,1.00E-10,9.24E-12,1.66E-11,0.557142857,0.005571429
13856418,INITIAL,0,10/06/25,US,1,0.01,TM,30/05/25,non-digital,MO_Returning Sampled,mo_returning sampled,mo_returning sampled,mo_returning sampled,0.073459716,1.00E-10,7.35E-12,1.66E-11,0.442857143,0.004428571
13856418,INITIAL,0,10/06/25,US,1,0.01,TM,06/06/25,non-digital,MO_Returning Non-Sampled,mo_returning non-sampled,mo_returning non-sampled,mo_returning non-sampled,0.092417062,1.00E-10,9.24E-12,1.66E-11,0.557142857,0.005571429
ONFP1FX-16I49-9G6,INITIAL,0,12/06/25,US,1,511.17,TM,30/05/25,non-digital,MO_Returning Sampled,mo_returning sampled,mo_returning sampled,mo_returning sampled,0.073459716,1.00E-10,7.35E-12,1.66E-11,0.442857143,226.3752857
ONFP1FX-16I49-9G6,INITIAL,0,12/06/25,US,1,511.17,TM,06/06/25,non-digital,MO_Returning Non-Sampled,mo_returning non-sampled,mo_returning non-sampled,mo_returning non-sampled,0.092417062,1.00E-10,9.24E-12,1.66E-11,0.557142857,284.7947143
ONIF4LV-72B75-8J7,INITIAL,0,03/07/25,US,1,771.32,TM,06/06/25,non-digital,MO_Returning Non-Sampled,mo_returning non-sampled,mo_returning non-sampled,mo_returning non-sampled,0.092417062,1.00E-10,9.24E-12,9.24E-12,1,771.32
ONOJ9PT-53Z14-7S7,INITIAL,0,10/12/25,US,1,393,TM,14/11/25,non-digital,MO_Returning Non-Sampled,mo_returning non-sampled,mo_returning non-sampled,mo_returning non-sampled,0.092417062,1.00E-10,9.24E-12,9.24E-12,1,393
ONVI8UC-82W43-6N9,INITIAL,0,28/05/25,US,1,0,TM,23/05/25,non-digital,MO_Returning Sampled,mo_returning sampled,mo_returning sampled,mo_returning sampled,0.073459716,1.00E-10,7.35E-12,7.35E-12,1,0
ONXV2YN-65A09-3Q6,INITIAL,0,15/12/25,US,1,1134.72,TM,15/12/25,non-digital,TM_OTHERS,tm_others,tm_others,tm_others,0.213270142,1,0.213270142,0.213270142,1,1134.72
ONHA0CP-46O55-4W4,INITIAL,0,04/03/26,US,1,962.12,TM,20/02/26,non-digital,MO_Returning Sampled,mo_returning sampled,mo_returning sampled,mo_returning sampled,0.073459716,1,0.073459716,0.208056872,0.353075171,339.7006834
ONHA0CP-46O55-4W4,INITIAL,0,04/03/26,US,1,962.12,TM,04/03/26,non-digital,TM_CRM,tm_crm,tm_crm,tm_crm,0.134597156,1,0.134597156,0.208056872,0.646924829,622.4193166
ONXL4DQ-63D77-2X8,INITIAL,0,20/06/25,US,1,661.44,TM,30/05/25,non-digital,MO_Returning Non-Sampled,mo_returning non-sampled,mo_returning non-sampled,mo_returning non-sampled,0.092417062,1,0.092417062,0.227014218,0.407098121,269.2709812
ONXL4DQ-63D77-2X8,INITIAL,0,20/06/25,US,1,661.44,TM,06/06/25,non-digital,MO_Returning Non-Sampled,mo_returning non-sampled,mo_returning non-sampled,mo_returning non-sampled,0.092417062,1.00E-10,9.24E-12,0.227014218,4.07E-11,2.69E-08
ONXL4DQ-63D77-2X8,INITIAL,0,20/06/25,US,1,661.44,TM,11/06/25,non-digital,TM_CRM,tm_crm,tm_crm,tm_crm,0.134597156,1,0.134597156,0.227014218,0.592901879,392.1690188
ONZU0FH-60W09-9D0,INITIAL,0,20/06/25,US,1,540.5,TM,30/05/25,non-digital,MO_Returning Non-Sampled,mo_returning non-sampled,mo_returning non-sampled,mo_returning non-sampled,0.092417062,1,0.092417062,0.227014218,0.407098121,220.0365344
ONZU0FH-60W09-9D0,INITIAL,0,20/06/25,US,1,540.5,TM,06/06/25,non-digital,MO_Returning Non-Sampled,mo_returning non-sampled,mo_returning non-sampled,mo_returning non-sampled,0.092417062,1.00E-10,9.24E-12,0.227014218,4.07E-11,2.20E-08
ONZU0FH-60W09-9D0,INITIAL,0,20/06/25,US,1,540.5,TM,11/06/25,non-digital,TM_CRM,tm_crm,tm_crm,tm_crm,0.134597156,1,0.134597156,0.227014218,0.592901879,320.4634655
ONUV3TE-00K38-5B9,INITIAL,0,28/10/25,US,1,1207.44,WB,24/10/25,desktop,MO_Returning Sampled,mo_returning sampled,mo_returning sampled,mo_returning sampled,0.024520731,1.00E-10,2.45E-12,3.38E-06,7.26E-07,0.00087611
ONUV3TE-00K38-5B9,UPDATE,0,03/11/25,US,-1,-1207.44,WB,24/10/25,desktop,MO_Returning Sampled,mo_returning sampled,mo_returning sampled,mo_returning sampled,0.024520731,1.00E-10,2.45E-12,0.049936968,-4.91E-11,-5.93E-08
ONUV3TE-00K38-5B9,INITIAL,0,28/10/25,US,1,1207.44,WB,28/10/25,desktop,Direct,(direct),(none),(not set),0.337940259,1.00E-05,3.38E-06,3.38E-06,0.999999274,1207.439124
ONUV3TE-00K38-5B9,UPDATE,0,03/11/25,US,-1,-1207.44,WB,28/10/25,desktop,Direct,(direct),(none),(not set),0.337940259,1.00E-05,3.38E-06,0.049936968,-6.77E-05,-0.081711525
ONUV3TE-00K38-5B9,UPDATE,0,03/11/25,US,-1,-1207.44,WB,31/10/25,desktop,EMAIL_TX,email,art_review,logo_modified_us,0.046366473,1.00E-05,4.64E-07,0.049936968,-9.28E-06,-0.01121108
ONUV3TE-00K38-5B9,UPDATE,0,03/11/25,US,-1,-1207.44,WB,03/11/25,desktop,TM_OTHERS,tm_others,tm_others,tm_others,0.049933125,1,0.049933125,0.049936968,-0.999923042,-1207.347077
ONWA6EB-86Y84-7V1,INITIAL,0,30/10/25,US,1,119.6,WB,29/10/25,desktop,Social Media,Facebook,Paid_Social,US_English_Meta_Q4_Mixed_Sales_PPAU_1Day,0.008024967,1,0.008024967,0.008024967,1,119.6
ONFB3YW-61G26-3L3,INITIAL,0,23/04/25,DE,1,409.9075,MO,28/03/25,non-digital,MO_Returning Sampled,mo_returning sampled,mo_returning sampled,mo_returning sampled,0.138452589,1,0.138452589,0.138452589,1,409.9075
ONCG1HY-81W99-5U3,INITIAL,0,10/12/25,US,1,164.97,TM,14/11/25,non-digital,MO_Returning Non-Sampled,mo_returning non-sampled,mo_returning non-sampled,mo_returning non-sampled,0.092417062,1,0.092417062,0.305687204,0.302325581,49.87465116
ONCG1HY-81W99-5U3,INITIAL,0,10/12/25,US,1,164.97,TM,09/12/25,non-digital,TM_OTHERS,tm_others,tm_others,tm_others,0.213270142,1,0.213270142,0.305687204,0.697674419,115.0953488
ONES6IW-00S86-3A0,INITIAL,0,18/03/26,CA,1,110.088,MO,06/03/26,non-digital,MO_Returning Sampled,mo_returning sampled,mo_returning sampled,mo_returning sampled,0.078291815,1,0.078291815,0.078291815,1,110.088
ONHR2IM-40Z91-0X6,INITIAL,0,03/04/25,US,1,131.1,TM,03/04/25,non-digital,TM_OTHERS,tm_others,tm_others,tm_others,0.213270142,1,0.213270142,0.213270142,1,131.1
ONIF8CY-69X20-4V5,INITIAL,0,27/03/26,US,1,371.06,TM,13/03/26,non-digital,MO_Returning Sampled,mo_returning sampled,mo_returning sampled,mo_returning sampled,0.073459716,1.00E-10,7.35E-12,0.055924171,1.31E-10,4.87E-08
ONIF8CY-69X20-4V5,INITIAL,0,27/03/26,US,1,371.06,TM,27/03/26,non-digital,TM_TA,tm_ta,tm_ta,tm_ta,0.055924171,1,0.055924171,0.055924171,1,371.06
ONSD1DW-42U88-8J6,INITIAL,0,03/04/25,US,1,96.64,TM,03/04/25,non-digital,TM_OTHERS,tm_others,tm_others,tm_others,0.213270142,1,0.213270142,0.213270142,1,96.64
ONUD9ZW-50M02-3K7,INITIAL,0,31/07/25,US,1,255.35,MO,18/07/25,desktop,MO_Acquisition,mo_acquisition,mo_acquisition,mo_acquisition,0.005349978,1,0.005349978,0.005349978,1,255.35
ONUD9ZW-50M02-3K7,INITIAL,0,31/07/25,US,1,255.35,MO,31/07/25,desktop,MO_Acquisition,mo_acquisition,mo_acquisition,mo_acquisition,0.005349978,1.00E-10,5.35E-13,0.005349978,1.00E-10,2.55E-08
ONTP3EB-02E52-9O7,INITIAL,0,07/04/26,US,1,406.07,TM,20/03/26,non-digital,MO_Returning Sampled,mo_returning sampled,mo_returning sampled,mo_returning sampled,0.073459716,1.00E-10,7.35E-12,7.35E-12,1,406.07
ONPQ5DW-70B35-6S7,INITIAL,0,28/04/26,US,1,208.16,WB,28/04/26,non-digital,No-Match,no-match,no-match,no-match,0.006635071,1.00E-05,6.64E-08,6.64E-08,1,208.16
ONYJ6RV-25E00-7H5,INITIAL,0,22/05/26,US,1,386.31,WB,22/05/26,non-digital,No-Match,no-match,no-match,no-match,0.006635071,1.00E-05,6.64E-08,6.64E-08,1,386.31
ONFU7LY-52W34-8W4,UPDATE,0,06/05/25,US,-1,-144.94,MO,11/04/25,non-digital,MO_Returning Sampled,mo_returning sampled,mo_returning sampled,mo_returning sampled,0.073459716,1.00E-10,7.35E-12,0.305687204,-2.40E-11,-3.48E-09
ONFU7LY-52W34-8W4,UPDATE,0,06/05/25,US,-1,-144.94,MO,11/04/25,non-digital,MO_Returning Non-Sampled,mo_returning non-sampled,mo_returning non-sampled,mo_returning non-sampled,0.092417062,1.00E-10,9.24E-12,0.305687204,-3.02E-11,-4.38E-09
ONFU7LY-52W34-8W4,INITIAL,0,06/05/25,US,1,144.94,MO,11/04/25,non-digital,MO_Returning Sampled,mo_returning sampled,mo_returning sampled,mo_returning sampled,0.073459716,1.00E-10,7.35E-12,0.305687204,2.40E-11,3.48E-09
ONFU7LY-52W34-8W4,INITIAL,0,06/05/25,US,1,144.94,MO,11/04/25,non-digital,MO_Returning Non-Sampled,mo_returning non-sampled,mo_returning non-sampled,mo_returning non-sampled,0.092417062,1.00E-10,9.24E-12,0.305687204,3.02E-11,4.38E-09
ONFU7LY-52W34-8W4,UPDATE,0,06/05/25,US,-1,-144.94,MO,18/04/25,non-digital,MO_Returning Non-Sampled,mo_returning non-sampled,mo_returning non-sampled,mo_returning non-sampled,0.092417062,1,0.092417062,0.305687204,-0.302325581,-43.81906976
ONFU7LY-52W34-8W4,INITIAL,0,06/05/25,US,1,144.94,MO,18/04/25,non-digital,MO_Returning Non-Sampled,mo_returning non-sampled,mo_returning non-sampled,mo_returning non-sampled,0.092417062,1,0.092417062,0.305687204,0.302325581,43.81906976
ONFU7LY-52W34-8W4,UPDATE,0,06/05/25,US,-1,-144.94,MO,25/04/25,non-digital,MO_Returning Sampled,mo_returning sampled,mo_returning sampled,mo_returning sampled,0.073459716,1.00E-10,7.35E-12,0.305687204,-2.40E-11,-3.48E-09
ONFU7LY-52W34-8W4,INITIAL,0,06/05/25,US,1,144.94,MO,25/04/25,non-digital,MO_Returning Sampled,mo_returning sampled,mo_returning sampled,mo_returning sampled,0.073459716,1.00E-10,7.35E-12,0.305687204,2.40E-11,3.48E-09
ONFU7LY-52W34-8W4,UPDATE,0,06/05/25,US,-1,-144.94,MO,06/05/25,non-digital,TM_OTHERS,tm_others,tm_others,tm_others,0.213270142,1,0.213270142,0.305687204,-0.697674419,-101.1209302
ONFU7LY-52W34-8W4,INITIAL,0,06/05/25,US,1,144.94,MO,06/05/25,non-digital,TM_OTHERS,tm_others,tm_others,tm_others,0.213270142,1,0.213270142,0.305687204,0.697674419,101.1209302
ONJH6BU-42L79-1U9,INITIAL,0,17/03/26,US,1,297.66,WB,20/02/26,non-digital,MO_Returning Sampled,mo_returning sampled,mo_returning sampled,mo_returning sampled,0.073459716,1.00E-10,7.35E-12,2.39E-11,0.306930693,91.3609901
ONJH6BU-42L79-1U9,INITIAL,0,17/03/26,US,1,297.66,WB,27/02/26,non-digital,MO_Returning Non-Sampled,mo_returning non-sampled,mo_returning non-sampled,mo_returning non-sampled,0.092417062,1.00E-10,9.24E-12,2.39E-11,0.386138614,114.9380198
ONJH6BU-42L79-1U9,INITIAL,0,17/03/26,US,1,297.66,WB,06/03/26,non-digital,MO_Returning Sampled,mo_returning sampled,mo_returning sampled,mo_returning sampled,0.073459716,1.00E-10,7.35E-12,2.39E-11,0.306930693,91.3609901
ONKE7EV-16N93-1C3,INITIAL,0,28/07/25,US,1,241.44,MO,04/07/25,non-digital,MO_Returning Sampled,mo_returning sampled,mo_returning sampled,mo_returning sampled,0.073459716,1.00E-10,7.35E-12,0.305687204,2.40E-11,5.80E-09
ONKE7EV-16N93-1C3,INITIAL,0,28/07/25,US,1,241.44,MO,18/07/25,non-digital,MO_Returning Non-Sampled,mo_returning non-sampled,mo_returning non-sampled,mo_returning non-sampled,0.092417062,1,0.092417062,0.305687204,0.302325581,72.99348837
ONKE7EV-16N93-1C3,INITIAL,0,28/07/25,US,1,241.44,MO,18/07/25,non-digital,MO_Returning Sampled,mo_returning sampled,mo_returning sampled,mo_returning sampled,0.073459716,1.00E-10,7.35E-12,0.305687204,2.40E-11,5.80E-09
ONKE7EV-16N93-1C3,INITIAL,0,28/07/25,US,1,241.44,MO,28/07/25,non-digital,TM_OTHERS,tm_others,tm_others,tm_others,0.213270142,1,0.213270142,0.305687204,0.697674419,168.4465116
ONOR6JM-92E97-3K8,UPDATE,0,06/05/25,US,-1,-795.94,MO,11/04/25,non-digital,MO_Returning Sampled,mo_returning sampled,mo_returning sampled,mo_returning sampled,0.073459716,1.00E-10,7.35E-12,0.305687204,-2.40E-11,-1.91E-08
ONOR6JM-92E97-3K8,INITIAL,0,06/05/25,US,1,795.94,MO,11/04/25,non-digital,MO_Returning Non-Sampled,mo_returning non-sampled,mo_returning non-sampled,mo_returning non-sampled,0.092417062,1,0.092417062,0.305687204,0.302325581,240.6330232
ONOR6JM-92E97-3K8,UPDATE,0,06/05/25,US,-1,-795.94,MO,11/04/25,non-digital,MO_Returning Non-Sampled,mo_returning non-sampled,mo_returning non-sampled,mo_returning non-sampled,0.092417062,1.00E-10,9.24E-12,0.305687204,-3.02E-11,-2.41E-08
ONOR6JM-92E97-3K8,INITIAL,0,06/05/25,US,1,795.94,MO,11/04/25,non-digital,MO_Returning Non-Sampled,mo_returning non-sampled,mo_returning non-sampled,mo_returning non-sampled,0.092417062,1.00E-10,9.24E-12,0.305687204,3.02E-11,2.41E-08
ONOR6JM-92E97-3K8,INITIAL,0,06/05/25,US,1,795.94,MO,11/04/25,non-digital,MO_Returning Sampled,mo_returning sampled,mo_returning sampled,mo_returning sampled,0.073459716,1.00E-10,7.35E-12,0.305687204,2.40E-11,1.91E-08
ONOR6JM-92E97-3K8,UPDATE,0,06/05/25,US,-1,-795.94,MO,11/04/25,non-digital,MO_Returning Non-Sampled,mo_returning non-sampled,mo_returning non-sampled,mo_returning non-sampled,0.092417062,1,0.092417062,0.305687204,-0.302325581,-240.6330232
ONOR6JM-92E97-3K8,UPDATE,0,06/05/25,US,-1,-795.94,MO,18/04/25,non-digital,MO_Returning Non-Sampled,mo_returning non-sampled,mo_returning non-sampled,mo_returning non-sampled,0.092417062,1.00E-10,9.24E-12,0.305687204,-3.02E-11,-2.41E-08
ONOR6JM-92E97-3K8,INITIAL,0,06/05/25,US,1,795.94,MO,18/04/25,non-digital,MO_Returning Non-Sampled,mo_returning non-sampled,mo_returning non-sampled,mo_returning non-sampled,0.092417062,1.00E-10,9.24E-12,0.305687204,3.02E-11,2.41E-08
ONOR6JM-92E97-3K8,INITIAL,0,06/05/25,US,1,795.94,MO,25/04/25,non-digital,MO_Returning Sampled,mo_returning sampled,mo_returning sampled,mo_returning sampled,0.073459716,1.00E-10,7.35E-12,0.305687204,2.40E-11,1.91E-08
ONOR6JM-92E97-3K8,UPDATE,0,06/05/25,US,-1,-795.94,MO,25/04/25,non-digital,MO_Returning Sampled,mo_returning sampled,mo_returning sampled,mo_returning sampled,0.073459716,1.00E-10,7.35E-12,0.305687204,-2.40E-11,-1.91E-08
ONOR6JM-92E97-3K8,UPDATE,0,06/05/25,US,-1,-795.94,MO,06/05/25,non-digital,TM_OTHERS,tm_others,tm_others,tm_others,0.213270142,1,0.213270142,0.305687204,-0.697674419,-555.3069767
ONOR6JM-92E97-3K8,INITIAL,0,06/05/25,US,1,795.94,MO,06/05/25,non-digital,TM_OTHERS,tm_others,tm_others,tm_others,0.213270142,1,0.213270142,0.305687204,0.697674419,555.3069767
ONXO5QO-97X94-0D3,INITIAL,0,26/06/25,US,1,652.75,TM,10/06/25,non-digital,TM_CRM,tm_crm,tm_crm,tm_crm,0.134597156,1,0.134597156,0.134597156,1,652.75
ONXO5QO-97X94-0D3,INITIAL,0,26/06/25,US,1,652.75,TM,13/06/25,non-digital,MO_Returning Non-Sampled,mo_returning non-sampled,mo_returning non-sampled,mo_returning non-sampled,0.092417062,1.00E-10,9.24E-12,0.134597156,6.87E-11,4.48E-08
ONKY0VE-64K77-2D9,INITIAL,0,06/10/25,US,1,91.9,MO,19/09/25,non-digital,MO_Returning Sampled,mo_returning sampled,mo_returning sampled,mo_returning sampled,0.073459716,1,0.073459716,0.073459716,1,91.9
ONQB5LC-79Y20-5V9,INITIAL,0,22/04/26,US,1,86.44,MO,22/04/26,non-digital,MO_Returning Non-Sampled,mo_returning non-sampled,mo_returning non-sampled,mo_returning non-sampled,0.092417062,1,0.092417062,0.092417062,1,86.44
13956589,INITIAL,0,26/03/26,US,1,0.01,WB,06/03/26,non-digital,MO_Returning Sampled,mo_returning sampled,mo_returning sampled,mo_returning sampled,0.073459716,1.00E-10,7.35E-12,0.216589047,3.39E-11,3.39E-13
13956589,INITIAL,0,26/03/26,US,1,0.01,WB,20/03/26,non-digital,MO_Returning Non-Sampled,mo_returning non-sampled,mo_returning non-sampled,mo_returning non-sampled,0.092417062,1.00E-10,9.24E-12,0.216589047,4.27E-11,4.27E-13
13956589,INITIAL,0,26/03/26,US,1,0.01,WB,26/03/26,non-digital,WEB INBOUND,web_inbound,web_inbound,web_inbound,0.077251185,1,0.077251185,0.216589047,0.356671705,0.003566717
13956589,INITIAL,0,26/03/26,US,1,0.01,WB,26/03/26,non-digital,WEB CHAT,web_chat,web_chat,web_chat,0.004739336,1,0.004739336,0.216589047,0.0218817,0.000218817
13956589,INITIAL,0,26/03/26,US,1,0.01,WB,26/03/26,non-digital,TM_CRM,tm_crm,tm_crm,tm_crm,0.134597156,1,0.134597156,0.216589047,0.621440271,0.006214403
13956589,INITIAL,0,26/03/26,US,1,0.01,WB,26/03/26,non-digital,Direct,(direct),(none),(not set),0.114691943,1.00E-05,1.15E-06,0.216589047,5.30E-06,5.30E-08
13956589,INITIAL,0,26/03/26,US,1,0.01,WB,26/03/26,non-digital,EMAIL_TX,email,transactional,EN-US_TXN_OrderConfirmed,0.022274882,1.00E-05,2.23E-07,0.216589047,1.03E-06,1.03E-08
ONFG6BZ-55I28-0L1,INITIAL,0,08/04/26,US,1,194.45,WB,20/03/26,non-digital,MO_Returning Non-Sampled,mo_returning non-sampled,mo_returning non-sampled,mo_returning non-sampled,0.092417062,1,0.092417062,0.544078346,0.169859842,33.02924618
ONFG6BZ-55I28-0L1,INITIAL,0,08/04/26,US,1,194.45,WB,26/03/26,non-digital,WEB CHAT,web_chat,web_chat,web_chat,0.004739336,1.00E-10,4.74E-13,0.544078346,8.71E-13,1.69E-10
ONFG6BZ-55I28-0L1,INITIAL,0,08/04/26,US,1,194.45,WB,26/03/26,non-digital,WEB INBOUND,web_inbound,web_inbound,web_inbound,0.077251185,1.00E-10,7.73E-12,0.544078346,1.42E-11,2.76E-09
ONFG6BZ-55I28-0L1,INITIAL,0,08/04/26,US,1,194.45,WB,26/03/26,non-digital,TM_CRM,tm_crm,tm_crm,tm_crm,0.134597156,1,0.134597156,0.544078346,0.247385615,48.1041329
ONFG6BZ-55I28-0L1,INITIAL,0,08/04/26,US,1,194.45,WB,26/03/26,non-digital,Direct,(direct),(none),(not set),0.114691943,1.00E-05,1.15E-06,0.544078346,2.11E-06,0.000409901
ONFG6BZ-55I28-0L1,INITIAL,0,08/04/26,US,1,194.45,WB,06/04/26,non-digital,EMAIL_TX,email,transactional,EN-US_TXN_OrderOutForDelivery,0.022274882,1.00E-05,2.23E-07,0.544078346,4.09E-07,7.96E-05
ONFG6BZ-55I28-0L1,INITIAL,0,08/04/26,US,1,194.45,WB,06/04/26,non-digital,Email Web Push,email,webpush,20260406_US_BestSellerRemail,0.021800948,1,0.021800948,0.544078346,0.040069501,7.791514483
ONFG6BZ-55I28-0L1,INITIAL,0,08/04/26,US,1,194.45,WB,07/04/26,non-digital,TM_OTHERS,tm_others,tm_others,tm_others,0.213270142,1,0.213270142,0.544078346,0.39198425,76.22133734
ONFG6BZ-55I28-0L1,INITIAL,0,08/04/26,US,1,194.45,WB,08/04/26,non-digital,WEB INBOUND,web_inbound,web_inbound,web_inbound,0.077251185,1,0.077251185,0.544078346,0.141985406,27.60906219
ONFG6BZ-55I28-0L1,INITIAL,0,08/04/26,US,1,194.45,WB,08/04/26,non-digital,WEB CHAT,web_chat,web_chat,web_chat,0.004739336,1,0.004739336,0.544078346,0.008710761,1.693807496
ONFG6BZ-55I28-0L1,INITIAL,0,08/04/26,US,1,194.45,WB,08/04/26,non-digital,Direct,(direct),(none),(not set),0.114691943,1.00E-05,1.15E-06,0.544078346,2.11E-06,0.000409901
ONHO0WM-58M64-6F9,INITIAL,0,26/03/26,US,1,0,TM,06/03/26,non-digital,MO_Returning Sampled,mo_returning sampled,mo_returning sampled,mo_returning sampled,0.073459716,1.00E-10,7.35E-12,0.216589047,3.39E-11,0
ONHO0WM-58M64-6F9,INITIAL,0,26/03/26,US,1,0,TM,20/03/26,non-digital,MO_Returning Non-Sampled,mo_returning non-sampled,mo_returning non-sampled,mo_returning non-sampled,0.092417062,1.00E-10,9.24E-12,0.216589047,4.27E-11,0
ONHO0WM-58M64-6F9,INITIAL,0,26/03/26,US,1,0,TM,26/03/26,non-digital,WEB INBOUND,web_inbound,web_inbound,web_inbound,0.077251185,1,0.077251185,0.216589047,0.356671705,0
ONHO0WM-58M64-6F9,INITIAL,0,26/03/26,US,1,0,TM,26/03/26,non-digital,WEB CHAT,web_chat,web_chat,web_chat,0.004739336,1,0.004739336,0.216589047,0.0218817,0
ONHO0WM-58M64-6F9,INITIAL,0,26/03/26,US,1,0,TM,26/03/26,non-digital,TM_CRM,tm_crm,tm_crm,tm_crm,0.134597156,1,0.134597156,0.216589047,0.621440271,0
ONHO0WM-58M64-6F9,INITIAL,0,26/03/26,US,1,0,TM,26/03/26,non-digital,Direct,(direct),(none),(not set),0.114691943,1.00E-05,1.15E-06,0.216589047,5.30E-06,0
ONHO0WM-58M64-6F9,INITIAL,0,26/03/26,US,1,0,TM,26/03/26,non-digital,EMAIL_TX,email,transactional,EN-US_TXN_OrderConfirmed,0.022274882,1.00E-05,2.23E-07,0.216589047,1.03E-06,0
ONNN1CF-87W84-0A6,INITIAL,0,07/05/25,US,1,282.48,WB,01/05/25,non-digital,Email POC,email,poc,20250501_US_3DK_UFW_C,0.039336493,1,0.039336493,0.32985782,0.119252874,33.68655172
ONNN1CF-87W84-0A6,INITIAL,0,07/05/25,US,1,282.48,WB,01/05/25,non-digital,TM_OTHERS,tm_others,tm_others,tm_others,0.213270142,1,0.213270142,0.32985782,0.646551724,182.637931
ONNN1CF-87W84-0A6,INITIAL,0,07/05/25,US,1,282.48,WB,07/05/25,non-digital,WEB INBOUND,web_inbound,web_inbound,web_inbound,0.077251185,1,0.077251185,0.32985782,0.234195402,66.15551724
ONXP7UQ-42B45-1E5,INITIAL,0,07/05/25,US,1,208.49,WB,01/05/25,non-digital,Email POC,email,poc,20250501_US_3DK_UFW_C,0.039336493,1,0.039336493,0.32985782,0.119252874,24.86303161
ONXP7UQ-42B45-1E5,INITIAL,0,07/05/25,US,1,208.49,WB,01/05/25,non-digital,TM_OTHERS,tm_others,tm_others,tm_others,0.213270142,1,0.213270142,0.32985782,0.646551724,134.799569
ONXP7UQ-42B45-1E5,INITIAL,0,07/05/25,US,1,208.49,WB,07/05/25,non-digital,WEB INBOUND,web_inbound,web_inbound,web_inbound,0.077251185,1,0.077251185,0.32985782,0.234195402,48.82739943
ONDT4FY-11I63-7J5,INITIAL,0,24/10/25,US,1,91.8,MO,26/09/25,desktop,MO_Acquisition,mo_acquisition,mo_acquisition,mo_acquisition,0.005349978,1,0.005349978,0.005349978,1,91.79999999
ONDT4FY-11I63-7J5,INITIAL,0,24/10/25,US,1,91.8,MO,24/10/25,desktop,MO_Acquisition,mo_acquisition,mo_acquisition,mo_acquisition,0.005349978,1.00E-10,5.35E-13,0.005349978,1.00E-10,9.18E-09
ONMJ2WO-83U97-4M2,INITIAL,0,17/04/25,US,1,394.58,TM,28/03/25,non-digital,MO_Returning Non-Sampled,mo_returning non-sampled,mo_returning non-sampled,mo_returning non-sampled,0.092417062,1,0.092417062,0.092417062,1,394.58
ONWN4AQ-41Z82-0C5,INITIAL,0,05/10/25,US,1,438.19,WB,05/09/25,desktop,MO_Returning Non-Sampled,mo_returning non-sampled,mo_returning non-sampled,mo_returning non-sampled,0.016495765,1.00E-10,1.65E-12,3.38E-06,4.88E-07,0.000213892
ONWN4AQ-41Z82-0C5,UPDATE,0,08/10/25,US,-1,-438.19,WB,19/09/25,desktop,MO_Returning Sampled,mo_returning sampled,mo_returning sampled,mo_returning sampled,0.024520731,1.00E-10,2.45E-12,3.38E-06,-7.26E-07,-0.000317948
ONWN4AQ-41Z82-0C5,INITIAL,0,05/10/25,US,1,438.19,WB,19/09/25,desktop,MO_Returning Sampled,mo_returning sampled,mo_returning sampled,mo_returning sampled,0.024520731,1.00E-10,2.45E-12,3.38E-06,7.26E-07,0.000317948
ONWN4AQ-41Z82-0C5,UPDATE,0,08/10/25,US,-1,-438.19,WB,04/10/25,desktop,Direct,(direct),(none),(not set),0.337940259,1.00E-05,3.38E-06,3.38E-06,-0.999999274,-438.1896821
ONWN4AQ-41Z82-0C5,INITIAL,0,05/10/25,US,1,438.19,WB,04/10/25,desktop,Direct,(direct),(none),(not set),0.337940259,1.00E-05,3.38E-06,3.38E-06,0.999998786,438.1894682
ONUX5BV-08X28-5Z7,INITIAL,0,04/03/26,US,1,166.62,MO,20/02/26,non-digital,MO_Returning Sampled,mo_returning sampled,mo_returning sampled,mo_returning sampled,0.073459716,1,0.073459716,0.073459716,1,166.62
ONLL2BC-20B76-4L7,INITIAL,0,08/08/25,US,1,365.95,TM,01/08/25,non-digital,MO_Returning Sampled,mo_returning sampled,mo_returning sampled,mo_returning sampled,0.073459716,1.00E-10,7.35E-12,7.35E-12,1,365.95
ONUE1GS-41E53-5T4,INITIAL,0,16/05/25,US,1,137.37,WB,24/04/25,desktop,Paid Search - NonBrand,google,cpc,NB-Writing-Pens,0.060187249,1,0.060187249,0.060190629,0.999943855,137.3622874
ONUE1GS-41E53-5T4,INITIAL,0,16/05/25,US,1,137.37,WB,15/05/25,desktop,Direct,(direct),(none),(not set),0.337940259,1.00E-05,3.38E-06,0.060190629,5.61E-05,0.007712638
ONCS4CH-50B61-0S0,INITIAL,0,12/04/25,US,1,191.64,WB,28/03/25,non-digital,MO_Returning Non-Sampled,mo_returning non-sampled,mo_returning non-sampled,mo_returning non-sampled,0.092417062,1,0.092417062,0.092417062,1,191.64
ONGU8UT-31H42-5P2,INITIAL,0,25/09/25,US,1,203.07,TM,29/08/25,non-digital,MO_Returning Sampled,mo_returning sampled,mo_returning sampled,mo_returning sampled,0.073459716,1,0.073459716,0.37014218,0.198463508,40.30198463
ONGU8UT-31H42-5P2,INITIAL,0,25/09/25,US,1,203.07,TM,29/08/25,non-digital,TM_CRM,tm_crm,tm_crm,tm_crm,0.134597156,1,0.134597156,0.37014218,0.363636364,73.84363636
ONGU8UT-31H42-5P2,INITIAL,0,25/09/25,US,1,203.07,TM,30/08/25,non-digital,Paid Search - Brand,bing,cpc,Brand-US-T2-General,0.019905213,1,0.019905213,0.37014218,0.053777209,10.92053777
ONGU8UT-31H42-5P2,INITIAL,0,25/09/25,US,1,203.07,TM,02/09/25,non-digital,TM_CRM,tm_crm,tm_crm,tm_crm,0.134597156,1,0.134597156,0.37014218,0.363636364,73.84363636
ONGU8UT-31H42-5P2,INITIAL,0,25/09/25,US,1,203.07,TM,05/09/25,non-digital,MO_Returning Non-Sampled,mo_returning non-sampled,mo_returning non-sampled,mo_returning non-sampled,0.092417062,1.00E-10,9.24E-12,0.37014218,2.50E-11,5.07E-09
ONGU8UT-31H42-5P2,INITIAL,0,25/09/25,US,1,203.07,TM,12/09/25,non-digital,MO_Returning Sampled,mo_returning sampled,mo_returning sampled,mo_returning sampled,0.073459716,1.00E-10,7.35E-12,0.37014218,1.98E-11,4.03E-09
ONGU8UT-31H42-5P2,INITIAL,0,25/09/25,US,1,203.07,TM,19/09/25,non-digital,Organic Search,aol,organic,(organic),0.007582938,1,0.007582938,0.37014218,0.020486556,4.160204865
ONPY4OA-17K41-6T2,INITIAL,0,04/09/25,US,1,111.44,TM,08/08/25,non-digital,MO_Returning Sampled,mo_returning sampled,mo_returning sampled,mo_returning sampled,0.073459716,1.00E-10,7.35E-12,0.381516588,1.93E-11,2.15E-09
ONPY4OA-17K41-6T2,INITIAL,0,04/09/25,US,1,111.44,TM,15/08/25,non-digital,MO_Returning Non-Sampled,mo_returning non-sampled,mo_returning non-sampled,mo_returning non-sampled,0.092417062,1,0.092417062,0.381516588,0.242236025,26.99478261
ONPY4OA-17K41-6T2,INITIAL,0,04/09/25,US,1,111.44,TM,29/08/25,non-digital,MO_Returning Sampled,mo_returning sampled,mo_returning sampled,mo_returning sampled,0.073459716,1.00E-10,7.35E-12,0.381516588,1.93E-11,2.15E-09
ONPY4OA-17K41-6T2,INITIAL,0,04/09/25,US,1,111.44,TM,29/08/25,non-digital,TM_CRM,tm_crm,tm_crm,tm_crm,0.134597156,1,0.134597156,0.381516588,0.352795031,39.31547826
ONPY4OA-17K41-6T2,INITIAL,0,04/09/25,US,1,111.44,TM,30/08/25,non-digital,Paid Search - Brand,bing,cpc,Brand-US-T2-General,0.019905213,1,0.019905213,0.381516588,0.052173913,5.814260869
ONPY4OA-17K41-6T2,INITIAL,0,04/09/25,US,1,111.44,TM,02/09/25,non-digital,TM_CRM,tm_crm,tm_crm,tm_crm,0.134597156,1,0.134597156,0.381516588,0.352795031,39.31547826
ONVW1IL-49F99-7R6,UPDATE,0,25/09/25,US,-1,-203.07,TM,29/08/25,non-digital,MO_Returning Sampled,mo_returning sampled,mo_returning sampled,mo_returning sampled,0.073459716,1,0.073459716,0.37014218,-0.198463508,-40.30198463
ONVW1IL-49F99-7R6,INITIAL,0,24/09/25,US,1,203.07,TM,29/08/25,non-digital,MO_Returning Sampled,mo_returning sampled,mo_returning sampled,mo_returning sampled,0.073459716,1,0.073459716,0.37014218,0.198463508,40.30198463
ONVW1IL-49F99-7R6,UPDATE,0,25/09/25,US,-1,-203.07,TM,29/08/25,non-digital,TM_CRM,tm_crm,tm_crm,tm_crm,0.134597156,1,0.134597156,0.37014218,-0.363636364,-73.84363636
ONVW1IL-49F99-7R6,INITIAL,0,24/09/25,US,1,203.07,TM,29/08/25,non-digital,TM_CRM,tm_crm,tm_crm,tm_crm,0.134597156,1,0.134597156,0.37014218,0.363636364,73.84363636
ONVW1IL-49F99-7R6,UPDATE,0,25/09/25,US,-1,-203.07,TM,30/08/25,non-digital,Paid Search - Brand,bing,cpc,Brand-US-T2-General,0.019905213,1,0.019905213,0.37014218,-0.053777209,-10.92053777
ONVW1IL-49F99-7R6,INITIAL,0,24/09/25,US,1,203.07,TM,30/08/25,non-digital,Paid Search - Brand,bing,cpc,Brand-US-T2-General,0.019905213,1,0.019905213,0.37014218,0.053777209,10.92053777
ONVW1IL-49F99-7R6,UPDATE,0,25/09/25,US,-1,-203.07,TM,02/09/25,non-digital,TM_CRM,tm_crm,tm_crm,tm_crm,0.134597156,1,0.134597156,0.37014218,-0.363636364,-73.84363636
ONVW1IL-49F99-7R6,INITIAL,0,24/09/25,US,1,203.07,TM,02/09/25,non-digital,TM_CRM,tm_crm,tm_crm,tm_crm,0.134597156,1,0.134597156,0.37014218,0.363636364,73.84363636
ONVW1IL-49F99-7R6,INITIAL,0,24/09/25,US,1,203.07,TM,05/09/25,non-digital,MO_Returning Non-Sampled,mo_returning non-sampled,mo_returning non-sampled,mo_returning non-sampled,0.092417062,1.00E-10,9.24E-12,0.37014218,2.50E-11,5.07E-09
ONVW1IL-49F99-7R6,UPDATE,0,25/09/25,US,-1,-203.07,TM,05/09/25,non-digital,MO_Returning Non-Sampled,mo_returning non-sampled,mo_returning non-sampled,mo_returning non-sampled,0.092417062,1.00E-10,9.24E-12,0.37014218,-2.50E-11,-5.07E-09
ONVW1IL-49F99-7R6,INITIAL,0,24/09/25,US,1,203.07,TM,12/09/25,non-digital,MO_Returning Sampled,mo_returning sampled,mo_returning sampled,mo_returning sampled,0.073459716,1.00E-10,7.35E-12,0.37014218,1.98E-11,4.03E-09
ONVW1IL-49F99-7R6,UPDATE,0,25/09/25,US,-1,-203.07,TM,12/09/25,non-digital,MO_Returning Sampled,mo_returning sampled,mo_returning sampled,mo_returning sampled,0.073459716,1.00E-10,7.35E-12,0.37014218,-1.98E-11,-4.03E-09
ONVW1IL-49F99-7R6,UPDATE,0,25/09/25,US,-1,-203.07,TM,19/09/25,non-digital,Organic Search,aol,organic,(organic),0.007582938,1,0.007582938,0.37014218,-0.020486556,-4.160204865
ONVW1IL-49F99-7R6,INITIAL,0,24/09/25,US,1,203.07,TM,19/09/25,non-digital,Organic Search,aol,organic,(organic),0.007582938,1,0.007582938,0.37014218,0.020486556,4.160204865
ONKD1CY-59W35-2Z6,INITIAL,0,28/03/26,US,1,178.73,WB,27/03/26,desktop,Direct,(direct),(none),(not set),0.337940259,1.00E-05,3.38E-06,3.38E-06,1,178.73
ONJM0CF-99N17-0Q5,INITIAL,0,02/02/26,DE,1,665.57,TM,23/01/26,non-digital,MO_Returning Sampled,mo_returning sampled,mo_returning sampled,mo_returning sampled,0.138452589,1.00E-10,1.38E-11,0.128563118,1.08E-10,7.17E-08
ONJM0CF-99N17-0Q5,INITIAL,0,02/02/26,DE,1,665.57,TM,29/01/26,non-digital,TM_CRM,tm_crm,tm_crm,tm_crm,0.128563118,1,0.128563118,0.128563118,1,665.5699999
ONRT5DT-36L79-8A9,INITIAL,0,12/09/25,DE,1,218.0787,TM,05/09/25,non-digital,MO_Returning Sampled,mo_returning sampled,mo_returning sampled,mo_returning sampled,0.138452589,1.00E-10,1.38E-11,0.128563118,1.08E-10,2.35E-08
ONRT5DT-36L79-8A9,INITIAL,0,12/09/25,DE,1,218.0787,TM,12/09/25,non-digital,TM_CRM,tm_crm,tm_crm,tm_crm,0.128563118,1,0.128563118,0.128563118,1,218.0787
ONVA1FD-58R80-8D5,INITIAL,0,12/09/25,DE,1,150.2787,TM,29/08/25,non-digital,MO_Returning Sampled,mo_returning sampled,mo_returning sampled,mo_returning sampled,0.138452589,1,0.138452589,0.267015707,0.518518519,77.92228889
ONVA1FD-58R80-8D5,INITIAL,0,12/09/25,DE,1,150.2787,TM,05/09/25,non-digital,MO_Returning Sampled,mo_returning sampled,mo_returning sampled,mo_returning sampled,0.138452589,1.00E-10,1.38E-11,0.267015707,5.19E-11,7.79E-09
ONVA1FD-58R80-8D5,INITIAL,0,12/09/25,DE,1,150.2787,TM,12/09/25,non-digital,TM_CRM,tm_crm,tm_crm,tm_crm,0.128563118,1,0.128563118,0.267015707,0.481481482,72.35641111
ONZA4RP-56H46-5Z6,INITIAL,0,12/09/25,DE,1,218.0787,TM,05/09/25,non-digital,MO_Returning Sampled,mo_returning sampled,mo_returning sampled,mo_returning sampled,0.138452589,1.00E-10,1.38E-11,0.128563118,1.08E-10,2.35E-08
ONZA4RP-56H46-5Z6,INITIAL,0,12/09/25,DE,1,218.0787,TM,12/09/25,non-digital,TM_CRM,tm_crm,tm_crm,tm_crm,0.128563118,1,0.128563118,0.128563118,1,218.0787
ONAG5OY-79L91-9O5,INITIAL,0,13/02/26,DE,1,145.7587,TM,23/01/26,non-digital,MO_Returning Sampled,mo_returning sampled,mo_returning sampled,mo_returning sampled,0.138452589,1.00E-10,1.38E-11,0.171029668,8.10E-11,1.18E-08
ONAG5OY-79L91-9O5,INITIAL,0,13/02/26,DE,1,145.7587,TM,06/02/26,non-digital,MO_Returning Non-Sampled,mo_returning non-sampled,mo_returning non-sampled,mo_returning non-sampled,0.057591623,1,0.057591623,0.171029668,0.336734694,49.08201122
ONAG5OY-79L91-9O5,INITIAL,0,13/02/26,DE,1,145.7587,TM,13/02/26,non-digital,TM_TA,tm_ta,tm_ta,tm_ta,0.113438045,1,0.113438045,0.171029668,0.663265306,96.67668877
ONHZ9SY-15D82-7O2,INITIAL,0,13/02/26,DE,1,110.1637,MO,23/01/26,non-digital,MO_Returning Sampled,mo_returning sampled,mo_returning sampled,mo_returning sampled,0.138452589,1.00E-10,1.38E-11,0.113438045,1.22E-10,1.34E-08
ONHZ9SY-15D82-7O2,INITIAL,0,13/02/26,DE,1,110.1637,MO,06/02/26,non-digital,MO_Returning Non-Sampled,mo_returning non-sampled,mo_returning non-sampled,mo_returning non-sampled,0.057591623,1.00E-10,5.76E-12,0.113438045,5.08E-11,5.59E-09
ONHZ9SY-15D82-7O2,INITIAL,0,13/02/26,DE,1,110.1637,MO,13/02/26,non-digital,TM_TA,tm_ta,tm_ta,tm_ta,0.113438045,1,0.113438045,0.113438045,1,110.1637